Gene Symbol	33	34	35	36	37	41	42	43	46	47	48	50	53	54	59	60	61	63	64	65	66	67	70	71	86	87	88	89	92	94	95	96	97	99	100	115	117	118	121	123	125	127	128	129	76	104	105	106	107	101	108	109	110
ACRBP	3.4127062	3.9512923	3.7309532	6.356555	5.714847	3.5686915	4.6069716	4.5768784	4.8037606	4.3578335	3.4858587	4.0967759	4.5468058	3.8481551	4.1321458	4.2128699	4.1075297	4.2915293	4.4288709	3.7968607	3.3678935	2.8989276	5.1790981	4.6752606	4.0736351	4.7248483	4.5696227	3.2696425	3.9028827	3.1220676	5.3476245	4.8751194	3.4420714	5.6116146	3.2034336	4.5115218	3.535656	5.2855386	4.5448237	3.4994444	4.8604171	5.3363033	3.5485207	3.916464	4.5113218	4.5319413	4.7585542	4.3677861	5.0553834	4.3516294	4.6627539	4.5830499	4.0197283
ACTL8	5.1595257	6.0692413	4.9174492	6.183178	5.549842	6.9762894	4.7779592	5.5318642	5.2308749	5.1248637	5.5460017	5.9522544	3.4524973	6.3660398	4.071226	4.5065754	4.402583	5.9162211	5.1342344	5.5371121	5.9613164	4.9127487	5.4122627	5.0212499	6.3328926	5.5645497	5.3144197	5.3873273	6.7431893	3.9397259	5.5023592	5.6910054	5.3971799	5.6991718	5.2274918	5.3052282	5.9921723	5.8405364	4.9072093	5.6332473	5.1493183	5.6842824	4.9936245	5.3791892	4.2913945	4.8199284	4.4429092	4.744075	4.1352013	5.0114425	4.9448162	5.3648075	5.1050507
ADAM2	3.8346748	5.8008665	3.012602	3.648505	3.1799803	3.2388786	4.5953576	4.9499969	3.2850647	3.7878658	1.9404405	3.1022114	3.1553958	3.5446659	4.806158	3.8447203	3.3048295	8.6232638	3.3467591	4.2096386	1.6644813	3.9072581	3.0386963	6.4870292	7.3306272	4.0557616	3.5498034	3.654187	3.950581	3.7658573	3.1690293	3.7486971	4.1199308	3.3479301	3.5256697	3.590301	3.9101561	3.4252664	4.2330194	4.1851398	3.5486043	3.6176136	4.2953228	3.2985756	2.7895963	4.0899362	4.2929023	5.1537538	3.1525894	5.3725922	5.2021007	5.3878413	4.7847795
AKAP3	4.6731335	4.9692293	5.2318475	5.2443593	4.725834	4.8178231	5.80924	6.0002955	4.8136	5.817006	5.2146846	5.4279438	5.091369	4.3025317	5.086466	5.7887474	4.542758	4.6091023	4.9680601	5.4210128	4.485333	5.0048742	4.9026826	5.1231269	3.8593865	4.8037511	4.7387352	4.7250401	4.5367457	4.9156424	4.1071043	4.232919	5.3063364	5.1656066	4.8474268	5.7886948	4.9204796	6.4287058	3.5474804	4.712955	5.2074643	5.6205727	4.9131611	5.4280588	5.0456223	5.1195654	5.1893314	4.775772	4.1421563	4.8283291	4.3510985	4.2779881	4.2313617
AKAP4	4.7801369	4.3708518	3.7963791	3.1953632	3.4629679	3.858812	4.0418494	4.2768747	3.5160388	3.3310405	3.0103181	3.508173	4.2957682	4.5264083	4.3096933	4.7644406	4.1647065	4.3931983	4.2020847	3.8168987	2.6107799	4.5246113	4.017978	3.8795606	3.5149795	4.9872642	5.3234325	4.499713	4.8478884	4.5884526	3.2470084	3.6936327	3.8615379	3.7721055	4.077662	4.7590523	4.2494462	3.6586745	4.3814685	4.2765472	4.522378	4.2094228	3.7098176	4.3146771	4.9522044	3.6950358	4.1148421	3.9018909	3.6377674	3.4877932	3.7766639	3.0866166	4.0800759
ARHGAP28	3.8884553	4.5304834	4.3711726	3.7031956	3.4930429	3.9685596	3.8677687	3.7339188	3.6848579	3.3586497	3.0199709	3.7816344	4.0980402	3.7436044	4.3616737	4.3187399	4.1639306	4.5915971	4.5156472	4.2902107	4.7071295	3.3085843	3.3806519	3.8091683	3.9547621	3.3595586	3.6408843	2.8540938	3.590381	3.7334022	3.468076	3.7659796	3.8951421	3.777643	3.5572281	3.9017925	3.5427196	3.7594386	4.7064793	4.1882708	3.9151074	3.5393598	3.2931792	3.6315971	2.7102015	4.4690503	3.6893979	2.9998275	4.585004	3.880916	4.6290618	3.9558088	4.1577671
ATAD2	7.0844765	6.7200272	7.096431	6.3211469	6.722794	6.6880673	7.8231719	7.5974805	7.0939951	7.8397562	6.8533763	6.7684692	6.6100752	6.9267789	6.91994	7.0024334	7.0204489	6.8022665	6.9895966	7.2780581	6.842422	7.0891385	6.9821196	6.9148189	6.5586305	6.6148728	6.5114309	7.1901607	6.5694938	6.7254196	7.1677074	7.029652	6.8873063	6.3320229	6.6366097	7.1955431	6.6749776	7.0742783	5.7183737	6.9462145	7.2778272	6.8807673	7.0666608	6.6476943	5.8509653	5.872848	5.6987819	5.3909639	5.5245418	6.8234901	6.7378779	6.9255686	6.355022
BAGE	4.3017827	5.6556097	3.9112095	3.9341334	4.0027922	3.746255	4.2049035	4.3706918	3.0262043	3.9598257	3.3693709	3.7855499	3.3960907	3.292622	4.605975	3.7022217	4.4907409	4.3559693	2.7730993	4.0396943	3.8879043	3.0195755	4.2808375	3.0686797	3.599648	4.362776	4.6229141	4.1621203	3.6705425	3.7865555	3.60886	4.0668118	3.7770692	4.0794074	3.5262966	3.597658	3.2929605	3.6697026	3.6031009	3.234033	2.7801504	3.3061094	3.5927261	3.7052152	4.8243786	4.034953	4.7467487	4.9527244	5.0237555	3.874712	3.7678443	4.1484234	4.2286013
BRDT	3.3337339	3.4289586	3.3336957	3.6429059	2.3861335	3.3592591	2.9515501	3.018566	4.5058142	3.2017159	3.1192226	3.3539534	4.1759972	3.4868957	3.6725275	3.6384004	1.9738885	2.88983	3.1936115	2.8736213	2.410516	2.810209	3.8176796	3.686657	3.1293888	2.6629544	3.7466545	3.3712126	3.533881	3.5678004	3.3274641	3.5856813	3.24107	2.6433941	2.9556041	3.1391656	3.4852098	3.5211874	3.9778606	4.5137711	4.2785715	2.3808883	3.3612326	2.8733013	4.600766	3.0768758	3.7570449	3.2958858	4.3686093	3.9509876	3.3491594	3.8434053	3.1386998
C9orf131	3.6416754	3.3407655	3.5839056	3.680768	3.4245979	3.6967521	3.1623397	3.0975891	2.7608359	3.6626056	3.5775583	3.9683484	4.3989378	3.3707566	4.2431327	4.2450692	2.5933916	3.4620126	3.0052886	3.2151387	4.5587645	3.2326155	4.2825156	2.4025572	3.5215629	3.6845309	3.6043536	4.6306269	4.0236941	1.9584203	3.7304239	3.7854492	3.0081716	3.2855413	3.3565286	3.6455635	3.0950761	3.6078974	3.4177322	4.0556419	3.8412875	3.9037148	4.2634213	3.4348346	4.0871684	4.022641	4.11738	3.2348091	2.6141742	3.6651584	4.0417626	3.707664	4.4279336
CABYR	4.2259572	3.8538844	3.3802335	3.587093	4.0246958	3.5638474	3.5954877	3.7370825	4.046511	3.5002894	4.3968373	4.0264102	3.7274734	4.0989995	4.1890484	3.7189656	4.8149848	2.7862363	4.0327745	3.3643372	2.5746616	3.6087958	3.3728139	3.986748	3.8293771	3.2826627	3.1085077	4.4498524	3.7245725	4.1646768	3.5621061	3.5523515	3.693953	2.6818561	3.7516411	3.3763292	4.0372392	4.191071	4.4588062	4.179549	4.6448272	4.1755613	3.9131803	3.8403003	1.1042655	3.2582511	4.4750798	4.9107861	4.7762415	2.9415273	2.9920567	3.714437	3.8083227
CASC5	4.5718486	3.6765661	3.1188855	4.1021502	2.9437039	3.5265248	3.7795411	4.1695766	2.7489887	3.542825	3.4242254	3.4278988	4.330124	3.8609997	4.4284864	3.4895568	3.9047983	4.1302981	3.3461464	3.4998738	3.2300574	4.3360723	4.2212918	4.470036	4.2115122	4.1426174	4.9570876	3.3027886	3.7661129	4.4793031	3.3842122	3.7136109	3.8497474	3.7588295	3.3428422	3.5924869	3.6138584	3.9315865	3.5131485	3.3837858	3.7514877	3.6285847	5.0846913	4.0434199	4.7363791	5.0014699	4.1607967	4.4076765	2.1286491	3.7224431	4.623541	3.8266916	4.1893276
CBX2	2.9653372	5.5250241	3.4192349	5.8210944	4.0186385	4.0093549	4.0147254	4.2023154	4.0117522	3.5787552	3.8756566	3.6209937	4.3676608	4.0424718	3.4502083	4.2438237	4.9962837	4.2037923	4.3095445	3.7556358	7.1080998	4.3894502	3.6755098	4.7228167	5.2668565	3.6647695	3.2174812	5.1030985	5.050407	3.0656157	3.8331758	4.2015027	4.8211667	3.8382585	4.3828344	4.2091759	5.6237213	3.6812865	3.1096364	4.7091703	4.5988297	4.061174	3.5774792	4.2062387	4.7994217	4.6217072	4.0516939	4.3596912	4.7602424	3.7102224	3.2307152	3.9136002	4.0921359
CCDC15	3.2511239	4.8744528	4.1097836	4.550133	3.8000461	3.6295468	3.8615278	4.1638201	3.6292824	4.9927406	4.284783	3.702357	5.3183285	3.7921303	4.3705452	4.4551556	3.7618488	3.5855999	4.145986	4.3137937	3.8067239	3.4268948	3.16564	4.2014588	4.3082276	4.8061862	4.4506087	4.2962716	3.8692999	4.3248175	3.8743252	3.6096186	3.7404045	4.2080436	3.5449417	3.9341192	3.9168351	4.664313	4.70112	4.0763722	4.2242352	4.099732	3.8623003	4.3444168	3.9463183	4.3705022	3.5692052	3.8270864	4.829895	3.7272195	4.2618849	3.8702029	2.9313167
CCDC33	4.2415132	2.9588322	3.0907851	3.6000413	3.252992	3.0572227	3.5356556	3.4665176	2.7005352	3.5297036	3.2042629	2.8918113	2.1039175	2.9983405	3.5142849	3.263582	2.3383554	3.309663	3.4447485	3.0859428	2.8322179	3.3749667	3.0634262	3.1351433	3.1963099	3.4395852	3.8702302	4.1189907	3.0889188	4.0875131	4.105406	2.9990349	2.9721649	3.7626435	3.3754556	3.4690448	3.4195258	3.8730104	4.2656546	3.5075675	4.0817037	3.4660236	3.5784674	3.3634161	3.7851908	3.3596095	4.8769935	3.6706744	3.3677936	2.7090981	2.0473969	2.857583	2.9284712
CCNA1	4.2718602	4.8043098	4.6885134	3.918438	3.5478658	3.2045174	4.2661477	3.8799078	4.1273022	4.1381592	5.2875748	5.2835632	4.3820805	6.3131667	4.5358886	5.4939267	4.2279162	5.2760218	3.2245948	4.5952709	2.7655415	3.6264306	3.8412479	3.2104854	3.5444936	3.9091709	3.4448734	6.064594	3.6738041	4.8971593	3.3288489	4.2480649	3.2448394	4.8436188	3.6135008	3.7113503	4.227823	6.893302	4.1580252	4.7272539	3.9791593	4.2455239	5.5601976	4.8226472	3.7190744	3.6028757	2.2129001	4.2922057	1.526549	3.7762369	4.3041592	3.6725632	4.3576349
CCT6B	6.9214706	6.8495797	5.7049125	5.7708208	6.7501601	6.1291991	5.800024	5.8258925	5.8222657	5.9462496	6.4550441	5.9928198	6.965494	6.0199786	7.2347337	6.7827635	6.4116299	6.487226	5.6256304	6.1393132	5.4508083	7.0432805	5.7416974	6.2643523	5.7397339	5.8623398	5.9980551	5.9287174	5.2487255	6.5949928	6.3196309	5.4675274	6.6344604	5.481865	5.3649734	5.5475947	5.8417394	6.835662	5.7631799	6.6820891	5.573409	6.3339892	6.7536213	6.5124994	6.0142003	5.9785964	5.8771801	6.0015465	6.1973728	7.4909602	7.6187606	7.8163742	7.9229338
CDC25A	3.4495872	3.4876828	3.8799475	3.5815543	3.7996228	3.5566171	3.2025544	3.6166282	3.9391697	3.6150421	4.3459168	3.4207735	2.7136433	3.3545543	3.6508471	3.8408965	3.6497553	3.2602943	4.0877617	3.3662642	3.8605756	2.723943	4.1065968	3.914416	4.0277386	3.5959758	3.1686799	3.8440124	3.2594777	4.3791263	4.1242812	3.3011618	3.1252955	3.4650646	3.4400004	3.3451762	3.4576718	3.7705981	3.5877585	3.156104	2.913439	2.7888142	4.3440312	2.7894923	4.1414061	3.7081874	3.6792347	3.2941458	4.6343666	3.8810329	4.8649038	3.7201819	3.4666694
CDC25C	3.2385989	3.9861301	3.2896239	3.8954277	3.6602607	3.0203924	3.8821617	3.676915	3.867664	3.4907216	3.2867801	3.1806285	4.0175854	3.5181514	4.3497592	3.0834699	3.7417314	3.8568481	3.7401535	3.7126178	4.4916077	2.1395596	3.8868084	3.9156128	3.6938005	4.3089242	3.1206074	2.9203749	3.8094394	3.1357016	3.3757121	3.024669	3.6649187	3.8326931	3.642488	3.2861614	3.5393815	3.4740289	4.5488295	3.0678487	2.6918985	3.2729465	3.4628226	3.2474531	4.2692624	4.3497905	4.2206652	4.0764794	3.0090466	3.994052	2.7792217	4.3780976	3.4952065
CDCA2	2.325749	3.9649978	2.9005196	3.1170096	2.689313	3.585901	2.4626516	3.6935218	3.7123902	2.4557829	3.8588895	3.1191115	1.8087564	2.7434253	3.1675606	2.5749195	2.8581653	2.3643064	2.2154848	3.4692793	2.2152452	3.6586489	2.3119945	2.4273113	2.9830276	2.1830103	1.9554678	2.7503706	2.2183973	4.6187758	2.6403782	3.305662	3.6767456	2.466295	2.8733979	2.6585618	3.7523753	2.2843614	4.2101596	4.0757531	2.9891224	2.3751223	4.2543845	3.9142207	3.673363	3.9487468	2.818311	2.9407698	2.7681193	3.0124619	3.6276197	2.1142879	2.2121744
CDKN3	6.1310751	6.3327567	6.6510071	6.3429659	6.3265918	6.5817772	6.4451671	6.3417521	5.9737057	6.7188358	6.4190338	6.6583623	6.7442655	6.518676	5.9498492	6.5570334	6.6609193	6.0871392	6.3239486	6.0625092	5.6360979	6.0921959	6.4239515	5.7661472	6.5557145	6.7780758	5.9849596	6.7439015	6.3304863	5.6307769	6.6207182	6.3631477	6.4283527	5.9625733	6.7853769	6.3285942	6.3215331	6.9082566	5.3641893	6.5686383	6.1383828	6.5309439	6.0904145	6.7005681	5.9406445	5.8885993	5.6432585	5.5828708	5.1030808	6.1941518	6.0604764	6.1790239	5.45288
CEP55	3.5036825	3.3709916	3.7610766	3.946887	3.3072236	3.7876387	4.1311555	3.1299543	3.9354827	3.5987919	3.8400681	3.4469494	4.2106379	3.1417346	2.3606363	4.0216987	3.7957325	4.2033654	2.6562247	3.9144578	4.5029027	3.4847412	3.8605008	4.4716691	3.7497957	4.1057641	2.6120774	3.8562703	3.2015999	3.1176354	3.743474	3.4743687	3.4107725	3.7953738	3.76483	2.9989443	3.4316131	3.5008821	4.8321205	3.7533911	3.9159239	3.9583525	2.7339873	3.9251053	4.1771671	2.8606971	4.382263	4.1753269	3.7424143	3.6747126	3.319224	3.3188334	2.2732821
CRISP2	3.4359371	3.3569453	2.5967822	3.1440074	4.3221438	3.1942208	2.3698008	3.2321021	2.7058375	3.5511986	2.9828393	3.0544903	3.3606152	3.6078887	2.5437508	2.7104749	3.4675521	2.8110002	3.2520755	2.846545	2.2718635	4.0323036	3.4326982	3.3842217	3.2705298	3.3841696	3.6261543	1.520983	3.4161674	3.9398848	3.3046548	3.3041621	2.8742244	4.1427559	3.3315602	3.3884855	3.3173009	3.0201071	4.4957045	3.8966405	2.795232	3.1960355	2.348876	3.8713815	3.2413126	3.8401197	4.649724	3.6821701	4.7861373	2.9361447	3.1320639	3.3587052	3.5432808
CT45A1	5.5369051	5.1461267	5.4070983	5.7137108	5.1693963	5.1149402	4.8584851	4.7836276	5.2224139	5.2147353	5.0012661	4.7002979	4.9407195	5.0247863	3.7643818	5.365197	4.8791747	5.3037849	4.3201894	4.8173141	4.9850028	4.2593158	4.7274075	4.6787009	5.0375181	5.0934844	4.9912308	5.1665381	5.4549683	4.3153922	5.0847489	4.8697721	5.4016487	4.7666191	4.5203209	5.2079527	5.5934044	5.03272	4.3026902	5.0636307	5.3691353	5.3815234	4.7873276	5.0915149	4.9604846	5.5659714	3.8650198	5.0749726	4.4988355	4.5822783	4.7741571	4.895361	4.6238163
CTAG1B	7.1157196	6.9309373	7.4066643	6.8204833	6.7750398	7.0136253	7.7219356	7.7868787	8.3524113	6.9121423	6.9122162	6.9804663	8.278892	7.3445398	7.4499553	6.4859457	6.8526327	8.8471782	6.6583956	8.3071115	7.7253729	7.1102076	8.8153943	8.84332	7.2745918	8.430531	8.3232593	6.8672146	7.2825026	6.7125861	7.3865921	7.3473901	6.7106943	6.8397795	7.4311617	7.0683513	7.197607	7.0352109	8.4775234	8.551131	8.7955654	8.188746	6.7346097	7.4680056	9.9313456	9.8689867	9.1997255	9.7277442	9.148492	8.7253409	8.7149095	8.7447161	8.400165
CTAGE1	2.6087614	3.429972	3.7924959	3.5399958	3.3564829	4.1753041	3.4854707	3.4186753	4.2874684	3.2470228	3.1228301	4.0696509	3.525853	3.6018872	3.6797635	3.6837548	2.7674648	4.4097978	3.1059968	3.1965797	3.8734888	3.6491499	3.4864367	3.8378626	3.5864391	4.2158794	3.3352439	3.2210892	3.3810024	3.6668558	3.6380994	4.0936579	3.8367748	3.3709966	3.6656919	3.2967346	4.9041161	3.7493917	2.911349	3.7683408	4.6017121	2.396545	3.5481658	4.307858	4.7148775	3.7462754	4.6494678	4.8404837	2.1713554	3.9117648	2.914608	3.4725393	4.1364796
CTAGE5	5.2882704	4.2973584	4.5577144	4.1318895	5.1957818	4.8424445	5.5898922	4.7122878	5.1695493	3.8200013	4.147603	3.9814932	4.1551773	5.1976247	4.698783	4.1216338	5.0912346	4.9795096	6.0018957	6.1961442	5.5430319	5.4283467	4.7261335	4.4768174	4.0263091	3.9017636	4.4505759	5.3842107	4.8199794	5.4720447	5.5358866	6.1740516	5.3126957	6.6799221	3.5303889	6.5531265	4.06405	2.9798738	3.3027764	2.4138758	5.8284106	3.6181339	4.0357962	4.0593026	3.8690919	2.9082175	3.8718433	3.8712802	4.1195957	3.6082693	3.1852304	3.3827453	3.3446918
CTNNA2	4.4451548	3.4522749	6.270602	3.178101	4.163363	6.1624485	6.1079929	6.1434264	3.4402609	6.7844467	5.1890961	4.8695634	3.6879431	7.261135	5.4607049	5.1566409	5.8599074	2.9170074	3.9703652	4.2036598	5.9492627	2.1395478	4.2963985	5.8009028	4.3787482	5.4282141	5.3671676	4.5147705	5.8623091	5.852542	3.1903887	6.7482114	4.1122786	4.0453403	5.8083241	4.2650783	6.4455459	6.5166162	4.721066	6.9855122	6.7848441	6.6426704	5.7147075	3.6847006	3.7171067	4.0362403	2.9981311	3.9099736	3.8710483	4.0810736	4.428828	4.2518508	3.9624917
CXorf48	3.885068	2.8489189	3.4611764	2.7354838	3.6216434	3.7914372	2.2225825	2.9131841	3.3693365	2.9541317	3.8516782	3.857354	3.9508646	4.0595743	3.7382301	3.0930028	3.1537648	3.5309137	3.8597161	3.9652115	4.5331506	3.86947	4.1177884	3.7957408	4.2963319	3.3202084	3.4484317	3.5915992	4.1911847	3.4664223	3.0235857	3.7460847	3.3795219	3.7520513	3.6686659	3.2797603	3.5869544	3.4671107	4.7072872	3.5833921	4.0515242	3.8890931	3.7518098	3.7084758	4.2459288	4.7634371	4.3592745	2.7019168	4.0258818	3.8500852	3.7528661	3.7540344	4.0806991
CXorf61	3.0371628	3.2801463	4.324289	3.5572957	3.0727235	3.2435695	4.4330462	3.4001535	3.7917892	3.502463	3.6682164	3.4332879	3.2370278	3.3592194	3.4382163	4.6372651	4.1990973	3.3697077	3.9053774	3.5542294	3.7075697	3.8474196	3.0506125	2.7980074	2.9834944	3.6886818	2.1590541	3.4330283	3.4354271	2.4675936	3.3385894	3.9045614	3.3022857	3.2942108	3.7136323	3.3756245	3.6329766	3.0532903	4.4166848	3.2091064	3.2872995	4.5599072	3.8778293	3.5311486	3.722995	3.7864618	4.6944071	4.7750045	3.8905816	3.039499	3.3482859	3.5357701	3.4452001
DAZL	2.9201347	2.8792335	3.4140622	4.2904197	3.3286711	3.3797032	3.848368	1.9541122	3.0533573	3.8585991	3.9393761	3.3431238	2.6886368	3.0799488	3.5455365	3.551208	3.6268958	3.2859737	3.0228434	3.1721524	3.0919954	3.9365178	3.4044404	3.4360287	3.2588862	3.1312647	4.0767998	3.2299762	4.1580858	2.5941814	2.994953	3.1452904	3.1371218	3.9085214	4.1963693	3.063896	3.3565488	3.5093696	5.0666899	3.1669764	3.0165789	3.5097981	3.5288925	3.605327	1.738585	2.9384168	4.3085844	4.2770273	4.5753312	3.5954823	3.9480415	2.912836	3.8074762
DCAF12	4.7024799	4.7065448	5.5424342	5.6704584	5.7459586	4.5608055	5.8219967	6.4668171	4.7118299	4.7611798	5.59932	5.2046328	5.2637761	5.3238385	5.4777368	4.7790483	5.2876446	5.2064692	4.7276502	5.3191705	4.634063	5.3845361	5.0002091	5.3990117	3.9328126	5.5708146	5.7123864	5.4680661	5.8964862	5.4084777	4.6853884	5.4434275	5.9733743	5.3169473	5.3415355	5.1796155	5.5479587	5.7120843	5.0366073	6.1388299	4.8336511	5.4486851	4.9266292	5.6054832	3.1715722	4.8442791	4.908844	4.3161134	5.2282623	3.9727002	4.9307493	4.9370106	4.8975467
DDX43	3.8082167	3.9919702	3.2403473	4.6462581	4.0023969	3.6821686	4.1613949	3.7461934	3.9314658	3.3714575	4.4341916	3.7708621	3.6163214	3.9464659	3.8563383	3.1918407	3.9295064	4.1435061	3.1844059	3.759178	3.7771437	3.5225342	3.5077001	3.795555	3.6821036	4.0899172	3.6755198	4.2573399	3.6962183	4.1484751	2.9997488	3.8626288	3.5550683	4.0109437	3.3156674	3.9315616	3.8296587	2.9165347	4.0384963	3.2821113	4.1362694	3.9102956	3.1778677	3.8801286	5.0549535	3.4095257	2.7796365	3.3339063	2.8024001	3.7621636	4.5238327	3.3283665	3.3458406
DEPDC1	3.6959205	3.7234812	3.4839098	4.1759608	3.608417	4.0925074	3.6581556	3.5180349	3.5884508	3.5273773	3.6042036	3.8499676	2.8617577	3.6459505	3.5613458	4.2922019	4.3053121	4.9082867	4.0756324	3.6182488	3.9023827	4.1134571	4.544938	3.7011942	4.4229521	3.8993587	4.3634286	5.2757699	3.9561944	3.0824892	3.9145137	4.0700891	4.0956218	3.9816556	3.6938692	4.0659057	3.7272182	3.6470074	4.5626541	4.3081836	3.9730715	3.777158	4.1535358	4.0521357	5.0036843	4.4675597	4.0129329	3.7089901	4.5118936	4.4878165	3.7059554	4.1021327	3.4654399
DIAPH3	3.1884493	3.6381802	3.1779565	3.7010519	3.1298384	3.9831412	2.9038771	2.5989543	2.332494	4.000188	3.9748336	3.435041	4.8916133	3.3717061	4.0867231	2.9412799	3.3400046	2.9323986	3.9177576	2.6759152	4.2492435	2.6988208	3.3383745	3.8620196	3.3213959	4.2803751	3.1037662	2.4429271	3.1298393	2.9187217	3.9043164	3.3102852	3.286037	2.9471308	2.933203	3.1229122	3.2064556	3.7396755	4.8869875	3.9676897	1.5993222	3.5445531	3.3422067	3.604225	2.0385479	3.1157834	4.2881728	3.9394697	4.4209553	3.5515478	2.6763063	3.4424271	2.4065896
DKKL1	3.5830705	3.2347491	3.7600264	3.1735095	3.2770725	3.5064335	3.3759537	3.8124039	4.6985522	3.5431415	3.4117562	3.1545983	4.4592212	3.7305009	4.1193178	3.8886604	2.7523032	3.7111456	3.8658668	3.2953483	3.0848888	4.2922113	4.0055058	3.4889935	3.7365717	4.0578229	3.4705395	3.4854998	3.5011044	4.0096758	3.9155598	3.6023456	3.9443433	3.8437298	3.9698741	3.6905305	3.6587209	3.6473613	4.0648905	3.3981604	3.5895611	3.6636695	3.2986253	3.425901	4.8200684	4.5201774	5.1746443	4.6936905	3.8807503	3.7843568	3.3703432	3.6473477	3.6598641
DMC1	2.6414614	2.0465264	3.2285269	3.3261879	3.7885962	2.9505068	3.4233322	3.4917043	4.3618662	3.4147423	3.4780642	3.0115536	3.3247942	2.9966802	3.7269028	2.0904396	3.6344207	3.0919032	3.6285982	4.1059953	3.458934	3.8401852	3.995111	3.7273281	3.0545661	3.9850216	4.1773264	3.7790464	3.8277888	3.8694997	3.3819507	3.0050189	3.6388929	3.543873	3.7765295	3.508177	3.1839538	3.1384224	5.2850262	3.659161	2.9122937	3.0671107	2.5770475	3.8286619	4.5265454	3.0607609	5.3304999	3.8959542	3.9024241	3.7760754	2.5942374	2.6656161	3.0035588
DMRT1	3.6074851	3.3830358	2.915152	3.5834995	3.29142	3.3295926	2.9980717	3.7922563	3.4341201	3.0120486	3.4327892	5.3146886	3.2727332	2.8083793	3.7630488	3.3469343	3.3533659	2.9264449	3.2169274	3.1958272	4.1719733	3.7220952	3.4021265	3.3994873	3.557658	4.0264596	3.2883085	2.2282865	3.1719949	3.0730959	3.560222	3.0226468	2.7161348	2.8996517	2.9348126	2.8313311	3.3234183	2.9886487	4.0920698	2.9974171	3.9755196	2.9363454	3.4221051	2.8726252	2.0653673	3.5868686	3.9720805	2.3406335	3.9099685	3.3521167	3.2353618	3.7749658	4.2285855
DNAH8	3.3871121	3.1225142	2.952963	3.272445	3.1912029	2.9503074	3.7018592	3.4716991	3.9551319	3.1977403	3.2210404	3.3662044	3.1144369	3.0850219	3.6207596	4.4018515	3.651196	2.585193	3.2812	2.955519	3.1478466	4.3010874	3.8065174	3.1174724	3.1991731	4.2318645	3.5768217	2.6224833	3.0151547	3.7556944	3.6274978	3.1674015	3.5375574	3.5070412	3.182398	3.0677715	2.8872121	3.4289766	2.0568748	2.4688868	4.0149535	2.7356365	2.1302854	2.9758829	4.766457	3.0824666	3.6095962	3.6493376	5.0734345	2.965461	3.7144103	4.0631887	3.5955692
DNAJC5B	3.9184469	3.917228	3.5334169	3.3310037	4.2946215	3.4467183	4.1545305	3.4675294	3.9872926	3.5549737	3.8315398	3.5424217	2.2377441	3.4014679	4.1679588	2.3896665	4.0124139	3.3655435	3.8451357	3.0733589	3.7942127	2.8049515	3.7334688	3.594509	3.2729874	3.9831677	3.6654701	4.0807773	3.5952236	3.9483767	4.567981	3.6091561	3.9072475	3.8072491	3.3737009	3.8654821	3.0968315	3.0643213	4.5675249	3.7077749	4.1833021	4.4700546	3.8693433	3.8073003	1.7838854	2.1519083	3.4216143	3.7185803	5.0950077	3.0801859	4.1184135	3.8760009	4.2491956
DPPA4	3.2179854	3.6241525	3.8888281	2.7216181	3.3189415	3.0977212	2.8793331	2.940587	4.2247006	3.3523325	3.1502041	2.7417507	3.4177689	3.1974697	4.0096193	2.3040748	3.5389789	3.5799229	2.7621981	3.0329002	3.3007697	4.7566599	3.4747432	3.8443203	3.206001	3.6463034	2.9436436	3.4327137	3.8492333	3.9682771	3.2447281	3.664693	3.4678351	2.6234179	3.3887635	3.4078525	3.302158	3.8270736	1.464834	3.754033	2.6021643	3.8801785	3.9763029	3.258799	3.9732576	2.6709042	3.0961266	4.0412411	3.86657	3.5803279	3.667507	3.074913	4.007128
DSCR8	3.7563787	3.5067816	3.3179855	3.143296	3.1857112	2.3674923	2.5592236	2.7701612	2.2980636	8.1308259	2.6800088	2.5754888	4.1205928	3.0560998	3.949335	2.1181073	3.1075133	4.1897111	3.9007451	2.7564905	3.1607375	3.8619601	2.9827086	2.6691358	2.1973786	2.4146538	3.4484317	3.9065301	7.4961712	4.1479407	3.3778155	2.5096473	2.626098	2.8178414	2.7994521	2.4687192	3.1209091	2.6430243	3.1464793	3.4523943	3.3684911	2.7145494	3.5937955	3.4431908	3.6843792	4.4115847	4.8474021	4.2534648	4.7672587	3.8500852	3.8171344	3.4624688	3.407426
DTL	3.5038456	4.769757	4.3609735	4.3888944	4.0573079	4.2269662	4.2404215	3.8580545	4.5369346	5.2728938	4.0117877	4.1257656	6.2286098	4.3386991	4.9105529	4.4086974	4.1828223	4.3673392	3.983612	4.5900762	4.8257487	4.5111885	3.9068742	3.665157	4.1540656	4.348784	3.9001504	4.3159417	4.60438	4.4253444	3.9515356	3.876711	4.5521253	4.2779114	4.3309204	4.0420668	3.6606943	4.1743528	5.2254004	3.7912173	4.5048554	4.4590793	4.6098292	4.5713832	4.6804961	5.2370359	4.5057024	5.8530367	4.3750719	4.121762	3.5479288	3.7478144	4.4773871
EFCAB6	8.0235399	9.1999103	8.6340634	8.2494829	7.2285097	8.5862621	8.0109721	6.7013107	7.8392905	9.4173129	7.6066993	8.0389573	8.3648517	8.7339157	8.314234	8.7214794	8.9968115	8.0671054	8.1814261	7.9792213	8.7029796	7.6334252	7.5422457	8.1355741	8.1395734	7.8347627	7.7618444	9.0130408	8.3805825	7.2658881	7.7537017	9.2511308	7.65279	7.7191368	8.7795875	8.4030648	8.2913664	8.7913796	8.2761734	8.4583738	8.5025727	8.8728516	8.068658	7.6277191	8.092571	8.1112728	7.3348048	8.2543995	7.7053957	8.4871254	7.550983	7.7380552	7.3193171
EME1	3.3626847	3.6862626	2.9478328	3.1901184	3.5503247	3.4947117	3.5678777	3.6521371	2.9304425	3.993817	3.258569	3.5353432	4.5570925	3.2176364	3.1724082	3.9390536	3.3270244	2.8965575	3.9215283	3.4253697	4.3894891	3.1783003	3.5315609	3.7272076	3.2969576	3.068268	2.8886136	3.5594378	4.0047563	3.6854588	4.6659318	3.8237611	3.4515363	2.998043	3.1520489	3.3895365	3.2917355	3.3872593	2.2282944	3.3988387	3.0119077	3.4677285	3.7716405	2.8479653	2.4971265	3.4671771	4.6981593	4.7639713	3.6382459	3.0961627	3.033811	3.5393992	3.7828954
FRMPD1	6.8696222	6.8821185	7.3432716	6.9295296	6.4915046	7.1653922	7.3142673	7.4080236	6.4392044	6.8508893	6.6828134	6.9106718	6.359004	7.3484259	6.8315072	6.7499076	7.2716398	7.2609198	6.7929876	6.5357013	6.4869546	6.463544	6.5119293	7.3917015	7.2601434	7.3465816	6.7558231	6.8815182	7.024816	6.8169102	7.2262296	7.4456192	6.3444414	6.8059981	7.584699	6.8979276	7.113415	7.3994059	5.5599815	7.1045469	7.7850868	7.561309	6.8435688	6.9173452	5.2480126	6.1256142	4.8075678	5.587264	4.9968769	7.0043471	6.6645704	6.8250785	6.4535298
GINS1	4.2561458	3.701219	4.4999472	3.92946	3.9542923	4.2484986	4.1530456	4.7311523	4.1691912	4.651746	4.501427	4.2332044	4.2190792	4.5442996	4.4765431	4.6513492	4.2451183	4.1592456	3.9373701	4.5404871	4.6089941	4.5165573	3.3494325	4.8496035	3.2829816	3.8413032	4.6148715	3.9807602	5.4198674	4.1588385	4.789964	4.0117149	4.5258344	4.1335901	4.1997813	4.846832	4.4771777	4.4920683	4.4093773	4.5463829	3.7889272	4.8074969	4.4567872	4.3235928	4.9470017	4.8415136	2.6644725	4.8553954	4.667079	4.6049131	4.8697086	4.8938476	3.5939864
GPATCH2	4.5357939	4.2596376	4.5004146	4.6551392	5.3229654	5.058309	4.700291	4.7610119	4.6092432	5.3896947	4.719168	4.5410968	5.2963604	5.2495902	4.9204873	3.9962331	4.8845591	5.2559441	4.7391007	5.5927533	5.156525	4.3081046	4.6527882	5.1998542	5.1817591	5.0199857	4.8435421	4.0607661	5.3551885	4.9208259	4.9499528	4.6692931	5.3438756	5.5388491	4.8731737	4.839298	4.4928583	4.677075	4.3874516	4.0450506	3.3854092	4.7600788	5.1589335	5.1481453	4.3612762	4.715373	4.3124965	4.2489612	4.6957792	4.8289832	4.7796874	4.1520441	4.7079274
HEMGN	2.7587135	3.0322957	2.7054071	4.6815619	3.3401464	2.4786743	3.9711933	4.6655882	3.0205398	3.0482334	3.607962	3.3442086	2.1842292	3.4543142	3.8374685	3.5008524	3.7488077	2.294833	3.8278494	2.739909	3.7290171	4.158483	3.0230493	2.8848649	3.4489872	3.1455791	4.0193477	3.1593626	3.122072	3.1835271	2.822838	3.4134291	2.9249749	2.9926324	4.7278958	3.0111105	3.3373484	3.4840902	1.6158385	3.9743666	2.8572829	3.6866742	2.2711996	2.317526	3.3299895	3.5188399	4.5387369	4.2910771	2.0381683	2.7621581	3.1897592	2.9358939	3.947867
HMMR	2.4578943	3.5096711	3.0304899	4.771536	2.8934898	3.5325652	2.3238733	3.3864382	2.9502123	4.1572507	3.2251774	3.8584664	5.8970688	3.4638859	3.3624789	2.9744868	2.6614817	2.9532598	4.0620459	3.940118	4.1204362	4.2587671	3.841346	3.750782	3.8739817	3.100118	3.4781776	3.1873534	4.7387866	4.48828	4.1201446	2.4356318	3.5589316	3.6875201	3.4204537	3.1878459	3.8003371	4.2739053	4.2595055	2.4333264	2.831402	3.2853276	4.3288683	3.7420778	4.0312264	3.395505	4.5766181	4.8278973	4.7176053	4.0961938	3.7612765	2.1231402	2.8779839
HSF2BP	4.3822905	3.8926875	3.1948825	3.2807157	3.8393103	3.8152869	3.4458557	3.5211643	3.6504681	3.8287204	3.7047527	3.8282217	2.6312755	3.4919434	4.8551257	4.1238051	4.0349142	3.3224383	2.886212	3.3876611	4.1826093	3.6966327	4.1601574	4.2676151	2.8608899	3.448351	4.0981058	3.4831202	3.8794318	4.4766104	4.0031735	3.6231425	3.4029722	3.4820397	4.0452276	3.2505093	3.3551523	3.7640169	5.1632096	3.7551591	3.9019203	3.686093	3.3994218	3.8902159	4.5214137	3.8001135	3.687849	3.826039	4.3772556	3.5092496	4.7055483	3.391241	3.933451
HTR7	3.5359092	3.9900282	3.5204502	3.1282846	2.8606851	3.4655285	3.536847	3.4802415	3.1265616	3.4063493	2.8124079	3.4269893	3.2755126	3.1978678	2.8913923	2.5901962	2.8377899	3.2845464	3.8600689	2.1372244	3.4077687	2.4846659	3.2556726	2.980053	3.1884697	3.8398221	3.1312093	1.9479594	2.8295446	3.4839591	2.9302403	3.4118014	3.3172685	3.7849521	3.2779703	3.2894762	3.6032551	3.7092714	4.7287658	3.1846792	4.0018324	2.742418	3.7457497	4.0491487	4.8270619	2.7690478	3.6204189	2.3891514	3.1317058	3.2647006	3.6473111	3.466649	3.6330382
IGF2BP1	4.3896987	3.9934604	4.0968342	4.618803	3.8993426	3.7519488	3.9688985	3.6143454	3.8025198	2.8668569	3.5484853	4.1262209	3.6759496	3.9910745	4.2548271	3.9230347	3.679817	4.1118122	4.2584882	3.8536715	4.0581279	2.8417295	4.1395549	4.6160934	4.2816373	4.4328444	4.3520497	3.5942728	3.7294137	3.722566	3.3815673	3.9462484	3.6960821	3.9781407	3.474218	4.1006217	3.4213806	4.0301065	2.5098801	3.7181953	3.3742911	3.589354	3.4487687	3.9181775	4.2510532	4.5075728	3.9630991	4.439405	4.0325037	3.8852248	3.0693953	3.2449254	2.5028462
IGF2BP3	3.3444245	4.4440232	3.3233993	3.6071139	4.1582964	3.7196589	2.8765646	3.3716808	3.4043695	3.1635163	2.7826322	3.7357403	3.8522277	3.7325203	3.3307973	2.6816972	4.3139958	3.8459521	3.5763102	3.5123246	4.6090584	3.8888275	4.2469287	2.8285739	3.2422017	3.0366356	3.3648547	3.5004879	3.5275884	3.634671	3.8869797	4.0317815	3.0953699	3.1075606	3.9985785	3.6475044	3.6740091	3.3188089	4.3043363	3.3703097	3.4526089	2.8769864	3.4904755	4.1087567	4.3509123	3.3952924	4.4089276	3.7437228	3.0322308	3.6008337	3.3867902	3.7537327	2.797959
IL13RA2	9.6680686	6.3106228	8.0032022	3.1541373	9.1746343	5.8604051	5.3581699	5.8732054	9.400315	3.3667248	10.1455597	4.728544	2.7852228	5.3075784	8.2947497	4.1238713	9.0779538	8.0453332	8.9435848	9.2205536	4.3224315	9.7676177	7.89735	6.358337	5.2699718	4.2892789	5.4110572	9.242617	3.8810338	4.2742326	8.771923	3.2551499	9.780245	7.5187829	4.9202659	6.2982975	4.4220946	3.9387726	3.6436148	8.0375723	6.0218372	9.1453218	10.6475472	10.134156	5.0416961	4.5617775	4.2867156	3.5474801	4.5561269	6.6622353	6.9717123	6.9100426	6.4004174
IMP3	6.6473129	6.9756869	6.6909984	7.0950278	6.9081871	6.402196	6.987952	7.5136728	6.754267	6.9753998	6.871797	7.1819406	6.5101148	7.0479602	6.7137524	6.8429423	6.5344495	6.7680673	6.1592933	6.3585706	6.0725866	6.7543285	6.4309913	7.1385217	7.0565988	6.6701101	7.1215105	6.4143391	6.9323965	6.3849971	6.4150449	6.6979955	6.833036	6.5464231	6.7982452	6.6015748	6.8364381	6.5120502	6.0555113	6.8076481	6.7749504	6.9444419	6.911839	6.6573644	6.1229051	6.7729172	6.7375584	6.1841228	6.4181638	6.7413237	5.9378746	6.6936604	6.5019877
KDM4D	4.2172732	4.1470348	3.0017594	3.6087538	3.7155923	3.4550543	3.4706786	3.4776866	2.7185162	4.2017151	3.713462	3.3626575	3.8612574	3.7118653	4.0067375	4.6874596	3.7031879	2.9168662	3.255494	3.3556916	4.1717447	4.3540178	4.110191	3.500539	3.0107815	3.7959518	3.7480583	3.5344427	3.7241693	4.3668438	3.341437	3.6140163	3.8056865	3.1401596	3.1518035	3.5564463	3.5050474	4.1195043	4.6578487	3.7459165	4.0997934	4.0201758	2.4258014	3.8244818	3.3238236	3.6600742	2.9733004	4.6555935	4.339692	4.1163034	3.936013	3.3168546	3.0421071
KIAA0100	6.9066301	6.5021929	6.240682	6.0463806	6.5123231	6.3446347	6.0283228	6.2214914	6.1399734	6.3283448	6.2190592	5.9604284	5.0776322	6.279469	6.365769	6.2668051	6.248394	5.1129661	6.7111355	6.0592738	5.8548267	6.5060377	6.5772741	6.1921975	5.8894529	5.8887165	6.032866	6.5481835	6.2946819	6.2292467	5.9982427	6.9274688	6.5004708	6.8364593	5.865708	6.7373434	6.4108434	6.5059995	3.4050934	6.1773585	6.4276691	6.2919742	6.0306824	5.9645849	4.8411819	4.7965575	4.59549	4.304218	5.0912826	4.6924408	4.8899705	4.9829661	4.7849329
KIAA1210	3.8151515	3.1485462	3.4993712	3.9237223	3.3575256	3.48407	3.1496483	3.1773958	4.6869405	3.2526837	3.6919914	3.8896716	4.2852187	3.3297872	3.7008664	4.1207844	3.8136387	3.1121351	3.339633	3.5797569	4.3836657	4.3484709	3.9508092	4.0489256	2.8254344	2.7811356	4.4162943	3.798444	4.1439012	3.7485192	3.9008024	4.0328799	3.1106335	2.757785	3.9479083	3.4587833	3.4963953	3.9025642	4.4891883	3.5225282	3.7405286	3.8783536	3.7436381	4.1008736	4.4580068	3.8615768	4.075184	3.4273277	4.3415577	3.2472138	3.861093	3.9050102	3.5626791
KIAA1257	4.8908618	4.7545075	4.5374403	3.8543843	3.6515895	4.7424858	3.7332599	4.1500697	4.0567825	3.8881644	4.6163655	4.22043	4.5255552	3.7159981	4.7958992	4.3263931	4.1309849	4.6720612	4.4124301	4.0066514	4.6217682	4.2789967	4.0703231	4.4328212	3.7918197	4.7529307	5.0414991	4.5699606	4.7199882	4.1537042	4.9120005	4.1751068	4.178453	4.0720328	4.9337039	3.6516058	4.1367561	4.2310843	4.0271625	4.9333842	4.4766432	4.1182809	5.2295389	5.1178762	3.7767872	4.7934237	4.3499015	3.7911916	4.0290198	4.1009831	3.484745	4.0810894	4.1244929
KIF15	5.6173381	5.4490919	5.5499192	5.4778929	5.2571515	5.5360664	5.8838654	4.2892991	6.2285426	4.4246424	5.3974742	4.5310236	5.4025003	4.4454188	4.6593502	5.0845849	5.3340139	5.7460006	5.2444445	5.0072756	6.2010115	4.4742648	4.6262951	4.7742716	5.1895802	4.940279	4.061561	6.0229764	5.3821382	4.9131306	5.2893211	5.048569	4.6991243	5.3002161	4.7992611	4.1254927	5.7216012	5.5093053	5.5033967	5.673806	5.558086	5.6676742	5.3188528	5.293462	6.6745738	6.0464302	5.121806	5.567092	5.1623777	4.8564733	5.4775745	5.4518472	4.3816543
KIF20B	3.5248994	3.217462	3.2666715	3.639057	3.9566013	3.342881	4.5434081	4.0777715	2.4747895	4.1884826	3.3914708	3.5327029	3.9044249	3.7683261	3.5860674	3.567229	2.7865755	2.8705735	3.8456366	3.8487762	4.0412187	3.5973513	2.8931656	3.4967244	3.4809306	3.7246319	3.2132493	2.2333373	3.3949292	4.1236292	3.8296103	3.5147941	3.7778529	3.3647583	3.3918135	3.4876688	3.4230256	3.8785175	1.6422925	3.3664595	3.4286335	3.3883924	3.4139986	3.2014868	3.9114151	4.1737864	2.3963947	2.5566031	2.4455388	3.8156444	3.8036496	3.5394067	3.0804967
L1TD1	4.3329622	3.8758425	3.7352247	3.9126535	3.8407896	3.3673737	3.7734656	3.733803	4.6295374	3.5425843	3.7121449	4.3683684	4.8802354	3.9238515	4.0395371	4.3579177	4.4522324	4.2063949	3.6871413	3.5294073	4.3483778	3.3155165	4.5821785	3.3441076	4.5170183	4.2781153	3.7962121	4.5183117	4.2583554	3.9197113	3.8006498	3.625988	3.6153859	3.8218479	3.6656919	3.6146544	4.1020598	3.5152453	3.1583974	4.0237307	4.1488501	3.922672	3.8978011	2.8794698	5.1862175	4.9207283	4.077309	5.1125637	4.0095322	3.9070304	4.2623097	3.9378156	3.8059264
LDHC	2.9104809	2.4527442	3.4252609	3.1698957	3.7891806	3.1904003	4.8763008	4.5350699	4.4383625	3.4171821	3.8790694	3.0916557	4.7041009	3.3355184	2.3828457	3.2210175	4.0955949	3.6698949	3.371258	3.1797239	3.756881	3.7575058	2.5270268	4.1142358	3.0299694	4.830896	5.2813366	4.3117665	4.4310998	2.9356058	3.7167061	3.081247	4.6312156	3.4925217	2.9930059	3.4908164	3.0963984	3.8909121	4.5263451	3.0438342	2.7111645	3.7515983	3.6840853	3.6731477	5.1099336	4.8231603	4.9863739	4.2640356	3.005468	3.5194464	3.6663161	3.0586086	3.986166
LEMD1	3.2184261	3.6747404	2.9382024	3.7335454	3.3317536	3.4508052	3.0959837	3.0024076	2.6264804	3.0413732	4.5639337	3.3847568	3.6715057	3.5045829	3.9600137	4.003149	4.0520203	3.3886448	3.728794	3.206001	3.0786724	3.694825	3.351342	3.331856	3.5081332	3.3927161	3.2133419	2.6167245	3.335451	4.4637952	3.2955875	3.193146	2.3964385	4.041213	3.2703127	3.4709556	3.2610685	3.9437141	4.1731654	3.264888	3.1136767	3.0901778	3.2489765	3.3099616	3.770081	4.3048106	4.844115	4.0251116	4.4919523	3.7067788	3.7766639	3.9793522	3.8657688
LIN28A	3.0062046	3.5619762	2.9430776	3.1864437	3.8009508	3.1399104	4.2862841	3.8873004	4.0444348	3.4910225	3.4490511	3.5769827	2.7878723	2.8168499	4.1256686	2.8574079	3.0853298	3.2656193	2.9776727	3.6933295	2.1601303	3.5046566	2.7624682	3.9578628	2.9661799	3.0581535	3.4013412	2.9774209	3.246353	3.3209752	3.3897956	2.7422251	3.2824044	2.8987908	3.5803674	3.5083072	3.0298408	3.6666131	5.245325	2.4219263	4.1445583	3.7764789	3.9977926	3.443326	1.7380203	3.4493453	4.1165983	4.7973004	3.3240081	2.8211593	4.2690019	3.7123633	3.2474711
LIN28B	2.540744	3.0181357	3.2577652	3.2127305	2.9782046	3.0995146	3.6276035	3.4253176	3.7730287	3.3055778	3.1870849	3.1150102	3.5740653	2.9124911	2.8862246	3.0105587	3.9946705	3.2048716	3.3728082	2.6609792	4.6186269	3.1734179	2.605895	3.4457061	3.2408656	3.0180245	3.4453998	2.4161149	3.2260381	4.8162141	3.1315584	3.1593363	2.9844981	2.4179894	3.2542265	3.4934667	3.1286273	3.3792606	4.0420743	2.4000231	3.1612176	2.4033997	3.3743247	3.0381042	4.1713928	2.9629665	4.9879241	3.1766002	3.4215935	3.0458193	3.2431611	3.110271	4.4731852
LRRC27	2.7164018	3.2062265	3.4841514	3.1423578	3.2474282	3.2522661	3.9368714	4.2081717	3.7072541	3.5682004	3.4848153	3.3521307	3.342847	3.4583365	3.6388327	3.293286	3.0578587	3.1365238	3.1770755	2.860629	4.6277074	3.1485585	2.7343506	3.4200283	3.0873843	3.2916721	3.5879424	4.0604851	3.7550958	4.2633267	3.7637067	3.2746247	3.2978928	3.4514077	3.8514146	3.319178	3.4107662	3.5583833	3.52843	3.834718	3.4753558	3.8882998	4.0042113	3.2582447	2.84519	2.5966589	3.6045629	3.8380753	4.5271553	3.4930724	3.2636492	3.4902774	4.0832025
LRRIQ1	5.4170291	3.4558843	4.9465766	4.202718	3.867144	3.9013482	4.3279435	3.85165	4.2813064	3.3434987	4.3766301	4.1801222	3.3795169	3.6002494	4.3595603	4.7169844	2.7769997	3.3607044	4.6334401	4.2844758	3.8244299	4.4265951	4.1917688	3.3461811	3.988027	4.2615728	3.815335	5.7768504	3.323629	2.6991315	4.5884667	3.6184619	4.6395317	5.3250844	3.7421462	4.5300444	3.3808159	4.4292831	5.0503661	4.4476499	3.9282732	4.6391498	3.7793557	4.0208277	4.3198969	4.0983252	3.812735	4.4636379	4.6123524	3.8531501	4.0252092	4.2499754	3.3536645
LUZP4	3.4279376	3.4269212	3.0995446	3.0516121	2.6639371	3.644274	3.3258797	2.8822216	4.1084271	3.5246028	2.9098378	3.4553465	3.8208459	3.15047	2.3258396	3.26469	3.3966022	3.9161783	3.6742379	2.9866923	2.7234032	2.9289921	3.8211837	2.9771212	3.2882966	2.9361246	3.1887392	4.0617111	3.1984013	2.8707173	4.3330402	3.4180078	3.2347223	3.6859433	3.2002008	3.63929	3.2676661	3.3897411	3.5804581	3.6096213	3.52963	2.9715817	3.4904755	3.141226	4.5872058	3.8422717	4.0517848	4.3106979	3.8024209	3.4012131	3.3965562	4.1819788	3.5054059
LY6K	3.6617316	3.7740785	3.2765651	8.8513511	3.24494	4.3120512	6.9294773	6.8572025	4.1249958	3.1869805	3.0747052	3.8039338	3.2164419	3.0923007	3.0790672	3.9786026	3.4854615	3.889816	3.8756453	3.8488625	4.3719575	4.5572326	3.7698697	3.940191	4.126123	3.0426192	4.3365043	3.7050219	3.5330786	4.0719825	4.2966294	3.3548644	3.422441	4.5755185	2.9511501	3.535053	3.4728395	3.8285287	4.9389943	3.9131404	4.3148493	3.6395393	4.911958	4.249697	2.5778814	4.6771647	3.782839	4.0319626	4.3401913	5.2641586	5.1330198	5.0279511	4.9494014
MAEL	4.2380759	3.5272	3.3659435	3.6610602	3.3991026	6.4353477	4.9127596	5.0137667	4.2877759	6.3056602	4.2036907	3.43051	3.5082411	3.1679304	5.3477864	5.4514197	4.8679673	4.5091122	4.7369622	3.2326675	4.3879708	3.6990652	3.8995077	5.9144567	3.5011558	3.1825229	3.9647716	4.3605867	3.8543936	3.4498903	3.6871564	3.0942112	3.9993954	3.7484844	4.9771251	3.379864	3.8053972	5.2741605	4.5433521	5.2002155	4.5200104	4.1244673	4.2389845	3.7625789	3.7978859	3.8593382	3.6851769	3.7971288	4.0228092	3.6320802	3.1312736	3.5584932	4.352531
MAGEA1	3.2966758	3.2782117	3.5714738	3.9475768	3.1210277	3.2493198	3.3105211	3.3689109	3.3048834	3.3861763	3.3018662	3.5287049	3.9929188	3.579478	2.9636453	3.432994	3.4470068	3.7345062	2.9417785	3.1284844	3.4981289	3.8681283	3.3471552	3.817134	3.9618421	3.7709388	2.7898265	4.5340264	2.9854912	3.7178763	3.8044439	3.7321158	3.2718609	3.3749457	3.9250723	2.9273239	3.3498445	3.4985852	4.1003935	2.9094374	3.5260916	3.537408	3.2387424	2.9913477	4.0255136	4.1240521	3.7067087	2.1617586	3.9214441	3.6037754	3.3887718	3.5382259	4.2255145
MAGEA11	3.4613155	2.9217447	3.4883716	4.3431028	3.0115143	3.3727981	4.223345	6.4798521	1.8723104	3.2313139	3.3851471	3.2236979	3.6944198	3.5144466	4.2040946	4.2618692	3.2082601	2.5976274	2.9791862	2.95133	4.3553089	2.4823188	3.6336008	3.475226	2.3397934	3.8137688	3.8530149	3.9469951	3.4832309	1.4925226	3.2794311	3.3344364	3.3988873	2.8391854	3.7264847	3.4807094	3.0701751	3.1975406	3.7536973	3.7710829	3.3910997	2.6957354	3.6705167	3.5659011	3.3954211	3.893677	3.9624222	2.8380491	4.1968815	3.3528425	2.2272031	3.429283	3.4330652
MAGEA4	4.523765	2.7763888	3.008561	3.3322856	3.0187866	2.9698292	3.221339	4.5503071	3.3800819	3.7020572	3.0690972	3.1629484	3.4414493	3.263449	3.6314243	3.6933083	2.6975656	3.5948398	3.4629662	3.0518492	1.8499499	3.3891208	3.8713183	3.1930572	3.4504294	3.2281571	4.6848251	4.1430684	2.7608499	3.2529934	4.1861989	3.2655218	3.5825348	2.9456668	2.9986027	3.6205652	2.9455787	3.745863	4.7475812	3.1697732	3.8750112	3.5046794	2.0721384	2.8004083	2.9243838	2.7637715	3.9998193	2.6483433	1.5418695	3.6517299	2.8798075	3.80816	3.9170751
MAGEA6	3.139752	2.7067931	2.8018759	3.5525865	2.2794603	2.6626321	2.2773249	3.3584439	4.0487818	3.5922264	3.1946594	2.5571247	3.4336297	2.8523844	1.6691429	2.4242536	1.8747324	3.1700906	2.7695284	3.6205589	1.8373342	2.1235972	3.1334999	1.8502896	2.0200053	2.2354341	3.0886878	4.0811259	2.8789078	2.7779787	2.4651325	3.0176755	2.64443	2.1558802	3.5016115	2.6743308	2.5698787	3.4097837	4.0688079	3.2256486	3.0892102	2.6738487	3.0197805	3.1696598	3.9597833	2.0516688	2.8364105	3.3298476	3.0075285	2.9974053	3.130865	3.6681161	3.0713348
MAGEA8	3.9554398	2.6930883	3.6378149	4.8033028	2.9895821	3.8369253	3.7442633	4.1940666	2.7783213	3.4107517	3.1420871	4.2221959	3.0046643	3.5496802	2.6688054	3.2977803	3.3110333	3.7359305	4.3098867	4.1273997	1.8085205	3.9861235	3.7174931	3.5084871	4.0136533	4.0334426	4.2335803	3.400457	3.7682211	2.3746189	4.2730456	3.4548961	3.7998034	3.3302604	3.8760631	3.9089201	2.2907354	3.9827567	4.7785715	4.2178815	3.0562063	4.0654534	3.2105968	3.7518941	4.0429757	3.5124879	4.7697207	5.0432688	2.5064509	3.7445531	3.6201184	3.4157124	2.4328793
MAGEA9	3.929953	4.1527783	5.3835027	4.0624108	3.5718473	4.1405122	3.0649716	3.1944831	4.4665603	3.6371802	4.4659119	3.99172	4.0721784	3.67384	3.1906748	4.0405409	4.5300766	4.318921	4.739667	3.1683863	4.2340894	3.8923637	4.3504948	3.0708829	3.8181591	4.3099245	3.3568954	4.5337271	3.0106229	3.552691	4.044813	3.9678727	3.6891521	4.3002236	4.3094133	3.8580345	4.6036136	3.6135483	3.6926825	4.2591902	3.9103491	3.3155817	4.3589921	4.2994943	4.9140637	4.480759	5.1759251	4.4222012	3.8072014	3.6259309	3.7223209	4.6980572	4.4744857
MAGEB1	3.2511109	4.0098296	2.488696	3.4012185	3.1707006	3.1621115	3.0774632	3.4649323	2.5095263	3.0217615	3.2173431	3.1298882	4.1585595	2.9269994	4.0069272	3.6259114	2.1608812	3.124135	3.1869863	3.3281065	2.7106437	3.9787722	3.4234815	4.1112117	4.1048501	2.9328939	4.1220523	4.074028	3.2547238	4.6224341	2.9840464	2.5291608	3.0321407	3.2765108	2.2841261	3.4776803	3.0550858	3.4807088	4.4023438	2.7064747	2.7614038	2.7876522	2.248619	2.6979898	2.8515457	3.2494097	4.1103945	4.3742909	3.5636854	2.2880713	4.2618989	3.4698057	3.39639
MAGEB2	2.520767	3.4080393	3.4729234	3.1702288	2.9154646	3.5795344	3.4365314	2.9984452	3.3790785	2.9562329	3.4281231	2.7563991	3.4262137	3.6147727	3.5992374	3.9715336	2.2837224	2.5795856	3.5061483	3.5213968	2.9003117	4.3389877	2.8206813	4.2526361	3.7906532	3.8024428	3.1541568	2.984079	3.4428348	3.3750522	3.1047627	3.0257903	3.4304155	3.4257245	3.2714586	3.4368203	2.807002	3.666769	4.9750881	3.3179725	2.0463453	3.1154915	3.4747543	2.8160609	4.9004024	2.9056822	3.4128455	4.5730318	2.7961829	2.6419496	3.2283415	3.5055289	3.333435
MAGEB3	4.1104353	3.2411181	2.7252716	4.0983037	2.7497903	2.8505168	3.8418998	3.6992392	4.9467232	3.327898	3.660196	3.8555512	3.4596286	3.1060036	4.022745	3.2516571	3.6205606	2.9323986	2.6655819	4.2240341	3.9380438	4.3676034	4.0251773	2.8595767	3.7954796	4.4986369	3.2742202	3.1918302	2.7925538	4.2977868	3.4885066	3.3820623	4.8782321	3.401565	3.2951238	3.1322435	3.2106641	3.1583775	4.0617276	4.2183403	3.6233812	3.7249925	4.2463702	3.2279784	3.913796	3.7930238	3.653988	4.3952554	5.2471889	3.7724548	3.6015239	3.7363129	3.4202365
MAGEB4	3.4424846	3.8904788	3.2680628	5.4252416	3.2928834	3.7683885	4.3506042	3.6502232	4.400598	3.6502658	4.1277224	3.8482942	3.3925815	3.7656349	3.1766929	3.2442253	3.887714	4.0282716	3.5917362	3.8282719	4.5009455	3.9286334	3.8576719	3.5950366	3.6856443	3.827056	3.7838868	3.7885666	3.0976856	4.187951	4.1760483	3.8788944	3.8102533	4.4246151	3.8459925	3.7273791	3.7144731	3.8932852	5.108091	3.1549874	3.8025039	3.2698049	3.7955567	3.7804845	4.318388	4.7425772	3.7857017	5.0594114	4.3419329	4.1036767	4.0507999	4.4847047	3.8436071
MAGEC1	5.008106	5.4332001	3.6266191	3.3004462	3.3776458	3.1461547	4.0060899	3.5245341	4.3721182	3.2332183	3.548349	3.4328103	2.4664853	4.873063	2.8339293	3.9470619	2.8929837	3.1759558	2.4594416	3.6470838	2.0459915	3.7989759	3.6894138	3.1110879	2.7297852	2.8480824	4.0063163	3.8528381	3.9363755	2.8721352	3.8703804	3.211773	4.1707105	2.9457527	3.3909717	3.5212166	3.236677	3.2362296	4.1285282	3.5839613	3.406596	4.2316438	3.4639738	3.1957689	4.2499735	3.2946831	4.773103	3.5449307	4.1711036	3.3266368	4.4817925	2.6675689	2.7188713
MAGEC2	3.9790374	4.2306011	4.3666985	3.918438	4.0866512	4.3208779	3.0292929	3.6980961	3.7967387	3.3312149	4.0114367	4.0956705	2.5162989	4.2835781	3.8505373	4.2391343	4.2626007	4.5922462	4.7813306	4.1289137	3.9741207	1.9482098	4.8174725	2.570906	4.2132414	4.1514999	3.8035164	3.7904213	3.4564381	2.0967937	4.9836312	3.9109884	3.643722	3.4205678	4.0774892	4.0858826	4.06405	4.0650084	3.1514934	4.4118736	4.0012393	3.9522374	3.7646108	4.9111092	4.9545242	4.8529634	4.483634	4.7459473	2.699788	4.4387174	4.0417626	4.2438376	3.947092
MORC1	3.0894411	3.559732	3.3530577	3.1484597	3.3055572	3.0229652	3.9954258	3.6601157	4.1849204	3.4515012	3.0103181	3.4835742	4.2903886	3.4348442	3.5791505	3.3741713	3.5902092	3.3886448	3.3596331	3.9513257	3.3610209	3.3525748	3.6895562	2.9924314	3.2399661	3.8116921	2.8839594	3.0714696	3.4433724	3.969712	3.0034109	3.0847971	3.0582562	2.9771933	3.3925626	3.4081459	3.5560962	3.279875	4.3560122	3.2341479	3.6293463	3.2932975	2.5903029	3.592588	3.928248	3.5087302	4.1398982	4.430797	4.2980913	3.446744	2.8907943	3.0866166	4.4067024
MPHOSPH10	6.2321421	6.3091713	6.9293029	6.7459132	6.5574838	6.3956214	6.3468101	6.9336061	6.3033767	6.1016263	6.2224154	6.0326061	6.1803217	6.0440874	6.6572227	6.0255152	6.8568249	6.5746675	5.9239138	6.2432322	6.1962662	5.8699229	5.9954537	6.9876574	6.2955044	5.8873054	6.077726	5.6465063	6.6910691	6.4537184	5.6356362	6.0091836	6.0495563	5.9246017	6.2859743	5.4117788	6.4366346	6.806109	5.6865307	6.5574542	6.7029149	6.5938299	5.897365	6.0075123	6.4099305	6.6509816	5.9344855	6.215315	6.4701283	6.24995	6.4862703	6.4427873	6.6354115
MYO3A	3.4429939	3.9539463	2.5949918	3.3044222	4.420108	6.4216055	4.3543606	4.3084823	4.1043922	5.182708	3.289339	3.5922789	3.6838499	2.9288281	3.2409785	3.9420966	2.463417	4.6623471	4.3654136	4.1169657	3.1746784	4.9455554	3.7124885	4.4566847	3.1006516	3.324727	2.8824959	3.5270238	5.5176218	4.8287171	3.8371984	3.066534	3.631401	3.7666882	5.2264914	5.1692914	3.0700721	3.6541536	3.8267448	4.4222865	4.4723815	5.153039	4.2170098	6.4346023	2.6818912	3.2907215	1.7150261	3.7981618	4.5486634	3.0475025	3.2914036	3.5672029	3.6361644
NEK2	4.1425469	4.8242117	4.9385042	5.2204381	4.2634239	4.1845764	4.0239993	3.9483636	3.9172143	5.1920842	4.5246881	4.1036365	7.9887272	4.3542394	3.9284274	4.4452739	4.1742372	4.3167133	4.092164	4.4513149	3.384991	4.2973029	4.4227564	4.4195771	5.1136034	4.294313	4.6792166	4.9614772	3.6092435	4.3918417	5.256382	3.7079556	3.9695719	4.3756472	4.3012326	3.7291695	3.4512241	5.2451617	3.7448799	4.0430174	4.4385302	4.6796123	5.6420358	3.794444	3.4326622	3.8971347	2.2719049	4.2684746	4.2385147	4.2766627	4.2269333	3.9794112	3.7893964
NKAPL	6.62307	7.8146103	7.129745	3.4869125	4.0094692	4.1518831	6.1688216	5.6634532	3.39955	7.6554914	4.1990145	5.9937244	5.4321257	7.1576913	5.9211826	6.1122479	6.6576548	5.5865726	5.5410313	4.320699	6.2766069	4.1452926	5.5466927	5.3390009	5.4560855	5.5900214	4.6411223	3.3649067	6.2194335	6.5570434	5.8606893	6.116074	5.6460901	6.3535178	7.4908998	4.8553584	6.8276668	6.9631425	4.6997611	6.584931	5.9344482	5.965466	3.5171317	4.0491487	4.6368845	3.6547126	4.5485436	5.2961887	4.3357258	4.9323392	4.7247787	4.6090889	4.4017705
NOL4	6.5742462	7.8075993	8.2197588	5.0236748	7.9437348	7.8756549	8.0461772	7.8737483	7.6905213	9.0693089	8.5965041	8.7983945	3.0776998	7.9299931	7.5422004	8.8427579	7.8846632	7.0929046	8.1540886	8.6261225	6.9907554	8.2074016	8.5754228	8.3919301	7.4556937	8.2113369	8.2488107	8.2686291	8.4495747	7.6257197	8.2449099	8.3189578	7.80143	8.214266	8.791037	8.8921868	8.7218443	8.7793944	6.3843063	8.5026786	8.1602707	8.1911275	6.8980496	8.4520489	4.3813539	4.1031318	4.5445233	5.3801909	3.11509	6.24995	6.0032661	6.3539667	5.3282221
NR6A1	3.6706724	2.8791875	3.3781559	3.2404566	3.3400612	3.0769645	2.4381082	3.402866	3.990246	3.3194628	2.4141883	3.1824296	3.8974777	3.2299414	2.2439304	2.8099045	4.0494112	3.3698799	3.0618257	3.3515031	2.8529997	4.4064752	2.2617988	2.5298314	3.3147998	3.1713483	3.6092401	3.4375073	3.850465	4.1533593	2.909138	3.366227	3.7423397	2.7994077	3.4564953	3.5352341	2.8314281	4.0189559	4.2398832	3.4249823	3.2818845	2.8447684	3.8134542	3.9319627	3.29502	3.2917739	3.6168218	4.1151747	3.6344228	3.8519481	2.7794191	2.6126753	4.195841
NXF2	4.6490761	5.7495394	5.1701991	3.9219024	3.9570994	4.063941	3.8417329	3.8412394	4.2272845	4.240916	5.8002059	4.7260364	3.8950914	5.41204	3.2998117	5.7730641	4.0007284	5.0075494	5.2953874	4.0893438	5.7039693	4.0548551	3.8128202	3.7719638	4.2658241	5.2353608	5.1533541	6.0304853	4.2932623	4.0361283	6.6859891	5.6535798	4.2916075	3.8966094	4.0195477	6.1908872	5.4075715	4.8243766	4.4069294	4.7136573	4.2906289	3.5205439	4.8189793	4.1220379	4.2479933	4.6723959	4.2286827	3.1021154	2.6366565	3.7602302	4.7303938	4.5855501	3.9155416
NY_ESO-1CTAG1B	7.1157196	6.9309373	7.4066643	6.8204833	6.7750398	7.0136253	7.7219356	7.7868787	8.3524113	6.9121423	6.9122162	6.9804663	8.278892	7.3445398	7.4499553	6.4859457	6.8526327	8.8471782	6.6583956	8.3071115	7.7253729	7.1102076	8.8153943	8.84332	7.2745918	8.430531	8.3232593	6.8672146	7.2825026	6.7125861	7.3865921	7.3473901	6.7106943	6.8397795	7.4311617	7.0683513	7.197607	7.0352109	8.4775234	8.551131	8.7955654	8.188746	6.7346097	7.4680056	9.9313456	9.8689867	9.1997255	9.7277442	9.148492	8.7253409	8.7149095	8.7447161	8.400165
OAZ3	6.5194487	5.7063564	5.1620507	7.182484	5.7929254	6.1327393	4.2557267	4.9401603	6.0023964	4.9680887	5.554527	5.9153981	5.5814053	6.2500744	4.6824025	5.6975761	5.3040337	5.4666075	6.2314301	5.5119383	5.6376245	5.831108	5.9419608	4.656133	6.3470591	5.7205976	5.2155378	5.3120869	5.4744444	4.861211	5.6687774	5.4656856	5.4703137	6.1392902	5.1557671	5.9827141	5.6546082	5.2317511	5.2271692	5.7666184	5.4244034	5.7747053	6.1324015	6.9321553	5.5454454	6.1594464	5.407092	4.6697721	5.0202867	5.4779809	4.7790692	5.3255286	4.20275
ODF2	3.6024428	3.7392554	3.9946323	3.8982775	4.2297547	4.3499752	3.8817446	3.7435127	4.6701334	3.9453045	4.4079186	4.1559068	4.2458594	4.0445701	4.1444797	3.8122947	4.0198998	3.8992179	4.5793224	4.6240164	3.9129656	4.0720327	4.0383094	3.5319201	4.3753391	3.480155	3.461607	3.5397916	3.9908775	2.9647815	3.8962245	3.8077439	4.1343679	4.3833587	4.1078459	4.503445	4.0647704	4.4135055	3.1878322	4.5714711	4.2769081	4.7214064	4.5963349	4.3893793	3.9159472	4.4511685	5.3511881	4.3329218	4.0633645	4.1598522	4.3008764	4.1111846	4.1124891
ODF3	4.3459811	4.749087	4.9801549	4.9570404	4.2811849	3.7312761	4.4242006	3.5059633	5.1143081	3.3358581	4.8270846	3.8179057	3.7716037	4.1556843	3.9308851	4.0086487	2.9395829	4.6124454	3.6694025	4.113331	5.452088	3.7082297	3.9461653	3.675368	4.1073551	4.3614929	2.032435	5.3926491	4.2466402	4.2498819	4.2422388	2.8397117	4.0514002	3.0769575	4.0432343	3.7257974	3.9909779	4.1837578	4.6853229	4.3091804	4.2331714	5.0182386	4.9856261	4.3843004	6.1376218	4.9652676	2.7041702	4.2745258	5.0554638	3.6424975	3.7057288	4.6427187	4.1451062
OIP5	3.535343	3.642309	3.0114168	3.330189	3.6215081	3.5147193	2.8115887	2.5379392	3.1711997	3.5456772	3.3305037	3.2663892	4.159423	2.9400164	2.4264438	3.048549	2.8992811	2.4114875	3.6424287	3.2893419	3.1238551	3.5596654	2.1075901	2.8898354	3.3503161	3.5137881	2.4782369	2.9590055	2.9623465	3.733371	2.9668948	2.8786547	3.1540984	3.5075207	2.9304392	3.1296115	3.0104912	3.1211022	3.106197	3.3883486	3.4927513	3.7212556	3.4320638	3.3404585	3.220505	3.3252837	3.2779882	3.164474	3.7247226	3.2682342	3.3793573	3.4462545	2.8445142
PABPC3	5.6655005	6.3939672	6.4845183	6.5680047	7.0978194	6.4706453	7.2013014	7.6909615	6.5369505	6.6387594	6.6071277	6.6079694	6.7720112	6.693484	6.3811056	6.6799418	7.0447057	6.9394929	6.7346959	6.9178414	6.1533802	6.5410739	7.0272689	7.0488649	6.5703067	6.6789746	6.8033648	5.6645986	7.6290464	6.7117632	6.6098093	6.3568634	6.6595891	7.1974992	7.7091189	6.8405265	6.7447354	7.1736907	6.0074174	7.0876508	7.3334852	7.0356975	6.5887756	6.848849	5.7938748	7.4212748	7.1907174	6.7817716	6.9101402	7.4304311	7.4585574	7.6111347	7.7116882
PAGE1	2.9676443	3.5400448	4.0201288	3.7397949	2.9675276	3.3263396	2.414969	3.4722766	3.5781442	3.2248563	3.6687935	3.5638513	1.6697693	3.2313857	4.7145999	3.3990199	3.5899082	3.6473902	2.9117748	2.9328321	4.6236923	3.8858268	3.8221908	3.7724505	3.6549455	3.6277838	4.2290642	5.0476908	1.8115556	4.6358144	3.2359896	3.1813132	2.7377086	3.5511727	3.1768745	3.604959	2.9694504	3.3288939	4.7430506	3.1746093	3.9806545	3.803216	3.7249675	3.6453797	5.1948508	4.2199297	4.421796	3.2587314	4.5857947	3.5410804	3.5764713	3.1735254	4.0057258
PAGE4	3.5002412	3.6311731	3.4351237	2.9457238	3.8072847	3.4939315	2.6121912	3.0006803	3.609884	3.605532	2.8114096	3.1894854	3.9900835	3.2900219	3.5898761	2.508376	3.2940446	3.7244755	2.7706893	2.6861984	3.786638	4.1351961	3.6839977	4.2748795	3.0282863	3.0609274	3.852954	2.9873524	3.2695194	2.4238126	3.7101938	3.1485288	3.5732392	2.6422253	3.0472373	3.149287	3.02266	3.3745908	3.925268	3.2809093	4.4657345	2.4072746	2.8811181	3.5718718	4.4484568	3.4814255	4.6778646	4.3853	3.9653843	3.99343	2.6430195	3.6110499	1.947059
PBK	3.8474099	4.6343585	3.3320258	4.4263903	3.4580652	3.5203057	2.5519403	4.5858278	3.5306249	5.0229327	3.7790249	4.1601591	6.337755	3.9843407	4.0865176	3.7661677	3.9737015	2.9992341	3.3105924	3.9227332	3.9539998	4.0087401	3.5574796	3.3249418	5.0161304	4.1008474	3.7067099	4.3325162	3.1083932	3.7082433	4.3033758	3.599186	3.2026057	3.3810936	3.4022221	3.5060696	3.309577	4.7932733	4.3640538	3.9574597	4.010159	3.3276096	4.8307756	3.3428437	4.0069193	4.0272253	4.8045796	4.4942953	4.6742631	3.394083	2.5685764	3.1206816	4.7707111
PIWIL1	3.8508448	2.8299504	2.3997202	3.429978	3.6943663	4.0030256	3.1908342	3.2084988	3.1873161	3.2903009	4.092977	3.165677	4.7215553	3.2427585	4.3869012	4.3753118	4.0604014	3.1060775	3.4588467	3.5822125	2.5464358	4.7376092	3.3520931	3.5322698	3.0485341	2.7976991	3.5918239	2.2718132	3.6254014	3.397514	3.226865	3.4421777	2.8985639	3.0388081	3.6148542	3.2496954	3.7271158	3.1550581	2.102719	2.8567319	3.7240804	3.1967586	3.1777782	4.5553933	4.7807735	3.4358941	3.2808555	2.801214	4.7058333	3.879553	2.4600025	3.1805841	3.5184849
PIWIL2	2.2673102	3.0919612	3.908896	4.7066766	2.9148495	3.541886	3.9386952	3.4088555	4.1641621	3.3488282	3.857588	3.4330122	4.1770284	3.5719677	3.8844541	3.3550028	3.6750797	4.2354239	2.7045865	3.6374298	3.4733984	3.8181053	4.3430698	4.0214767	3.0803399	3.8102244	3.6607556	3.7268235	3.5009983	2.0984375	3.3097875	2.1736191	3.3918012	3.2795938	3.3046421	3.5396681	3.3517441	2.4657137	5.8354579	3.1286102	4.334332	3.4824307	4.0861361	4.1268517	5.9714948	5.5465849	5.23101	6.3951738	6.2301969	3.1718714	4.8760654	3.6485719	4.24998
PIWIL4	3.0295514	4.8562853	4.1100425	6.628394	4.8884705	5.4117952	4.6074505	4.134167	2.8927559	4.5616434	4.2885391	5.2271754	5.4937504	4.911563	3.8875909	4.1450042	3.5652313	5.3755735	3.9684014	4.7778053	5.5037459	3.3990064	4.9278371	5.4639018	5.2351878	5.6864969	5.8395925	3.895889	4.2602092	4.3241643	4.3198531	4.8117104	4.3255704	5.5698307	3.9784583	5.7056994	4.5408583	4.1256399	4.8718909	4.9297207	4.6364447	4.222652	4.0055044	4.2693454	6.1723198	5.5902191	5.3826251	5.8643719	5.2116768	4.9122257	4.4985885	4.7446155	4.7839353
PKDREJ	4.3988891	3.9279582	3.5553901	3.8171254	3.5613976	4.3285889	4.0372785	4.2429947	4.5427528	4.1028305	4.3624847	3.9910714	4.1258571	4.2132562	4.1342254	4.7779782	3.433124	4.0282958	3.4670645	3.7729624	3.7075697	3.3148433	4.2253391	4.3802902	3.7205726	4.1495671	4.0549907	3.8612347	4.2482296	5.2854552	3.7991557	4.1520519	3.9264311	3.5049361	3.9704914	4.0183179	4.2075822	3.9978197	4.4166848	3.9578095	4.6857773	4.546126	4.1056483	3.7004186	4.1177906	2.591951	5.0285737	5.1918233	2.9281162	4.0819148	3.4554893	3.8862939	3.6715165
PLAC1	2.8304662	3.1364151	3.4419487	3.529171	3.6161165	3.6564094	3.4909541	3.9239123	4.304981	3.7253342	3.6336463	3.4992412	4.465146	3.69882	3.8632365	3.4331524	3.8997946	3.8989377	3.0922569	3.5662617	3.7721726	3.5143582	2.7624624	2.9152822	3.5611952	3.4135745	3.3484724	3.8734844	3.7225299	3.292353	3.8638064	3.4469543	3.4300906	3.1210692	3.5530313	3.5022346	3.6733705	3.5227795	4.3934866	3.0132511	3.3813838	3.1558829	3.8940402	3.0531062	3.996463	3.5613221	3.477922	4.6329501	4.6945035	3.5833828	3.5127346	3.2904588	4.183243
PLK4	3.6191305	2.3726667	3.6270576	3.7013599	3.07641	3.1473801	3.2088551	3.3163443	3.3499826	3.8056013	3.624101	3.2698317	3.9359993	3.3255864	3.9262121	2.106625	2.5620902	2.8583997	3.2567169	3.4314774	3.6189472	3.1878488	3.4261323	3.1372898	2.9413981	2.4463921	4.2443532	3.4780827	3.5776516	1.8273836	2.3628092	3.0045911	3.5041904	3.4178397	2.9817178	3.0416397	3.4956205	3.0985647	2.6062869	2.6597889	4.5135304	3.5394649	3.6839589	2.4959319	4.9021751	1.9856624	3.5865155	5.1212113	2.973156	3.3945635	2.2519162	3.7588401	3.2234632
PRAME	3.2979859	3.6876508	5.0101328	4.3307611	3.9530542	3.7871875	3.4764979	3.3937323	3.2743077	3.6112491	3.2173423	4.7421878	4.1317214	4.5950792	4.1824767	3.1110672	4.4477437	3.3926292	4.4509815	3.0390194	3.0666886	4.1685457	4.8379747	4.0132489	3.9913878	3.0919483	3.2584314	4.6006522	3.2882953	2.7679349	4.1012813	3.9794915	3.367727	3.1982286	3.9017749	3.5841843	3.6529985	4.7236789	3.7166158	4.1126522	3.5746838	3.8959959	3.9687539	4.3329219	4.5152032	4.3038602	4.9443365	4.6486395	4.5014972	3.8928302	4.0717255	4.1895383	3.5730209
PRM1	2.8520322	2.8247874	2.6431197	3.5306814	2.7905533	3.4264375	2.8797104	3.2481348	3.5683675	3.5452704	3.8087223	3.4046731	2.8540603	2.6729788	2.5525314	3.15814	3.8304996	2.4474125	3.2934522	3.4678024	2.7345473	2.57988	3.7124885	1.9407575	3.0097015	2.9186942	3.5208754	3.1593626	2.9732463	3.5289198	2.7319079	2.9160584	3.5179701	3.2658744	3.5027419	2.9722839	3.5815724	3.2376322	4.3906946	3.2575866	4.1363767	2.6627363	3.0964909	3.0429536	2.3695444	3.3864432	3.2913134	3.1360252	4.5118446	3.6779452	3.4351725	2.7703307	3.9723351
PRM2	3.9058707	2.8299906	2.9446893	3.4966596	3.4834782	3.1300202	4.5452977	3.0202694	2.8627093	3.5490763	3.0278983	3.2516883	3.2692363	3.0345054	3.9569932	3.3168725	2.932312	2.680048	3.8250313	2.4217534	2.4590244	3.9362721	3.1536061	3.2456132	3.0497036	2.9081041	3.4368285	3.4839292	3.1650847	4.1036923	3.9470397	3.28256	3.0920567	2.7178167	3.2147733	3.4730491	4.2394967	3.1732084	4.6982693	2.765353	3.3505431	3.1803918	3.421142	2.9868341	3.9870075	2.7305405	3.2264198	3.5861309	3.5061525	4.2376378	3.5018963	3.9095052	3.9506968
PRSS21	3.8135223	3.6115532	2.9791082	3.7423199	3.460377	3.4803439	4.2295646	3.5328723	4.2449219	2.8345567	3.6902835	3.4384183	5.1671589	3.2177675	3.5946959	3.719858	4.2534821	3.5255418	3.7675307	3.1217441	4.7582133	3.3778498	3.1896672	4.369298	3.3996897	2.9069762	4.2334506	3.381367	3.0165514	1.6680623	3.1797272	3.8153337	3.2428277	3.301615	3.9282816	3.0940053	3.5312061	3.7647123	3.805858	3.364687	3.8382015	3.4190555	3.1645571	3.947064	3.1641707	3.9784533	4.1431578	4.7230975	4.46324	3.3012418	3.5741475	3.7645256	4.3433893
PRSS54	2.3500355	2.5982622	2.8638221	3.2941388	3.044819	3.6104807	3.5672202	4.0427372	2.4068714	2.84089	3.8566779	3.3220736	2.4282169	3.4928046	3.2177356	2.5487428	3.0589884	3.1596299	3.8030896	3.0756159	2.1450252	3.6870452	2.7452021	3.4288169	4.2281034	3.4669286	3.956975	2.5034182	2.6814274	2.1721014	2.8209539	2.7571771	2.5677987	2.4077948	2.5947119	2.8237159	2.8586213	3.6270369	4.6617845	2.6613104	3.2146601	3.4860094	2.6292475	2.6506667	4.0312264	2.3457798	3.504511	4.2422001	3.863539	3.6942958	2.5176355	3.7099155	3.3430836
RAD51	3.0734972	4.1451614	3.7170803	4.2619958	3.7626809	3.9554298	4.167506	4.5077856	3.8388071	4.2498784	4.1805619	3.8622353	4.4864503	3.9752028	3.8602408	3.7363927	3.926108	4.2752508	3.5325229	3.810567	3.8552137	4.1068457	3.7037121	3.7964823	4.0626282	4.491365	3.4804707	3.9548746	4.3605498	3.9082925	3.5157351	3.9878582	3.8395804	4.0926446	4.2997811	3.8807364	3.9274761	3.9804392	4.9491005	4.6646822	3.9092084	4.1698961	3.8074592	4.0194928	3.7482866	4.1099065	3.168878	4.3644156	4.6851518	4.1044152	3.5053985	4.2405109	3.9735239
RBMXL2	3.8705478	2.9395189	3.6223881	3.3625989	3.399482	3.3406214	3.4841351	3.3967051	4.0666495	3.9333177	3.0302294	3.6702943	3.9580576	3.3478408	4.2443465	4.0986719	3.7229342	3.2826542	3.116256	3.5522238	3.8226505	3.5684548	3.2070125	2.6383012	3.845253	4.3462922	2.8461206	3.360692	3.28552	3.7187973	3.6157626	4.3163509	3.3059099	3.5036806	3.2346106	3.5750352	3.6944526	3.8454868	4.9823004	4.1947181	3.6867779	3.7108394	3.4154088	3.1611234	3.7439472	2.7506623	3.4992721	4.552639	3.8894796	3.3528425	4.2430832	3.6209363	3.8232444
RGS22	2.2911565	3.7792271	5.2139837	3.5393284	3.8724201	4.7336689	4.020012	4.8693223	3.5884508	4.171953	4.66362	3.7645786	4.8565624	5.7181037	4.8280574	3.8424027	3.5715003	5.3402015	3.5105075	3.0424166	4.1238108	4.8710829	3.2149761	4.4195958	4.9787847	4.1166904	4.5143656	3.9512282	4.2887968	5.1069914	4.2971923	5.792812	4.3517765	2.9206002	5.4688806	4.1643829	5.4478325	4.6655108	4.731599	5.3594752	5.7191169	6.1623581	3.7472866	4.1169969	3.8578132	2.8594894	4.3861356	4.0715789	3.2375114	3.2767459	4.0500734	4.2655698	3.8653203
RIBC2	3.9752407	4.5991828	5.6531599	5.0268084	5.0974643	5.341657	4.653537	4.7164213	4.8022399	4.2867413	5.0156093	5.2776469	6.4446944	4.6223862	5.3548962	5.1889773	3.9065087	4.4856709	5.1067332	5.0410383	4.2491566	4.2097549	5.3948362	5.3417397	4.9972603	3.9190342	4.9140069	6.9491238	5.3689506	4.7133466	5.5389356	5.5462715	5.1664465	5.2652039	5.1854287	5.2820583	5.3376045	5.0584999	5.3814129	6.3794616	6.6724965	6.2934883	6.2270875	6.6770995	5.0697497	4.3454616	5.2509946	4.6051494	2.6586586	4.4669067	4.069071	3.6130715	4.880452
ROPN1	3.4109426	4.2611165	3.8747399	3.7793348	3.6532508	4.1244411	3.661911	3.8930319	4.0832537	3.3455354	4.0304702	3.7248358	3.5054712	3.4666528	3.9500487	3.7114914	3.1182014	3.2253191	4.2545106	3.683501	5.1158234	3.6799484	3.5233785	3.8920262	3.2803662	3.5397178	4.9986495	3.9861469	4.1784105	4.8871562	3.7242294	3.2863144	3.6915546	3.3444533	3.6634829	3.4626665	3.6275762	3.8322152	5.5158761	3.4654007	3.9089954	4.8089754	3.539072	3.6904008	4.7164923	4.2339518	4.1274884	4.3388209	1.1089816	3.2328516	3.6426633	3.7408144	3.4242207
RQCD1	4.6989662	5.3001447	4.9681645	4.9848652	5.2126337	4.8944195	4.9974903	5.2037435	4.377824	5.5750687	5.0968712	5.3171401	4.3418919	5.3909603	4.1648172	5.3293162	5.154512	4.8603406	4.4843444	4.9155609	4.3789303	4.6152427	5.4627663	5.2652423	5.4147608	5.5856242	5.5508942	4.4335216	5.3668922	4.8758139	4.8463381	5.1051529	5.0812906	4.5586399	4.795021	5.0204868	5.1647925	5.4035776	5.2418986	4.7944716	4.611477	4.5911756	5.3336914	5.3673929	4.8699099	4.8116798	4.2182137	5.1371922	4.8376068	4.2753333	4.8342421	4.3260274	4.089407
SAGE1	5.0451414	5.0302389	4.4528543	4.2853085	5.0699867	5.0074835	4.9290471	5.7759525	5.2067752	4.8572698	5.1489306	4.7915132	4.6203733	5.0417324	5.3657864	5.2791054	4.6923393	5.2900319	4.8121393	5.2130422	4.4521969	5.3299522	4.9335858	5.14071	4.9344936	5.047877	5.0776421	4.9865678	5.4656109	4.8616434	5.0099218	4.8499738	4.8238726	5.0735498	4.7055653	4.7210069	5.3300357	4.7576646	5.3416368	5.0128491	4.9729225	4.9069801	4.8869201	5.0755422	5.0389784	4.957448	4.7041281	5.2319353	4.8181468	4.8744941	4.7168133	4.9281145	5.0098042
SDK2	2.6154131	3.2529144	5.045938	3.4575296	3.3673189	2.9951491	3.2537367	3.3031522	1.8550748	3.8484095	3.7049174	2.479662	3.7358462	3.656978	4.1286109	4.0668179	3.7959823	3.2838963	3.6357009	2.7649211	4.2215514	3.4500008	2.8555534	2.8603369	3.2389354	3.1820974	4.274846	3.5209417	3.6260788	3.5248482	3.3658586	3.897681	3.1113283	3.7633192	3.2521142	3.2995928	3.3149644	2.3018243	3.1954755	3.4846297	3.9177909	2.9985754	3.6667308	2.6923999	4.3981808	2.6635458	3.6337198	4.4832845	2.8365538	3.8923505	4.0590056	3.8779876	2.9913699
SLC6A2	3.5096784	4.520405	4.2734115	3.4953494	3.3760223	3.7115548	3.7643188	4.2716022	4.1236712	4.1956809	3.1778552	3.6910309	1.4782469	3.7625673	4.8252801	4.098712	3.7792704	3.9495647	3.9320147	2.4275201	3.2418878	3.0670901	2.9183333	3.7120182	3.8505174	2.7110084	3.8237745	3.9397264	3.7499533	2.3032634	4.6702164	3.4337103	3.8497474	4.6073374	3.5229619	3.7508282	3.793629	3.2861702	2.8633625	4.2449796	4.0194714	3.674902	4.0320462	3.7511979	4.5735453	3.6794973	4.2466988	4.1673666	3.7480841	3.7906542	3.124685	3.5333318	3.7516509
SLC22A16	4.5730296	3.4852019	5.7424617	5.1444597	4.2785877	4.8570667	3.7030488	2.4098956	4.5127872	4.1287897	3.7066543	5.6757299	4.2060156	5.2058211	4.3686224	3.2428515	4.7687289	4.2140242	5.4050182	4.7714214	3.4018643	4.5017905	4.9294761	3.7324688	4.839165	4.2879201	3.9318766	4.8607051	3.8413414	4.4145606	5.1257843	5.1137722	5.2125644	5.1646164	4.7030815	5.2108726	4.0514472	4.5337765	2.507872	3.3459862	3.6495061	3.7359793	5.437155	5.1600238	3.7473948	4.1959103	3.3634411	3.6576214	3.0426468	3.9924778	3.4248995	3.7371589	3.0111906
SPA17	5.7442833	5.7469509	5.9003727	6.3373364	5.4544483	6.4623134	5.4449243	4.5258359	5.3151868	5.5237582	6.4851048	6.967844	5.8199388	6.6701956	5.9422554	5.6313624	5.3060318	5.6076587	5.8573894	5.3496215	5.64955	6.3335462	5.72515	4.6521803	5.8814289	6.8895611	6.5863851	6.5465544	5.9162685	5.0815606	6.2294251	6.8171613	5.8443511	5.3799946	5.7955506	5.9588544	6.7665065	6.2942688	5.3209807	6.477616	5.5339833	6.1029571	5.871148	6.2557176	4.9829024	4.9777427	4.3395501	4.1971239	4.4614529	5.3389434	4.9195301	5.2586716	4.7488003
SPAG1	5.3335315	4.7148334	5.2377168	5.268689	4.8130569	5.267689	5.7271665	6.1033815	4.2630643	4.8874203	4.6971348	5.0274989	4.1314062	5.5871752	4.7780638	4.0439076	5.0574612	5.2714086	4.7683544	4.5458984	4.118142	5.1263515	4.5997305	4.7819254	4.7329187	5.1372246	5.1011056	5.5832791	5.033286	4.9668534	4.3172349	5.5168641	5.3647904	4.7138562	4.9030725	4.6897514	5.7977448	5.7643855	4.5686782	6.0337671	5.4860722	5.249399	5.4084841	4.9173678	3.3929553	4.9094494	5.2467118	3.786042	4.3242953	6.9715029	6.7788292	7.0539373	6.8981234
SPAG17	2.5539785	3.9216987	4.1398414	3.8005295	3.0533684	4.3186097	3.3745133	3.8109743	2.5052592	3.5260397	2.3550253	4.1600428	3.4189565	2.8857053	3.3477768	2.0509755	4.1496499	2.4914261	2.8293129	2.389971	2.7081752	4.0757115	2.1054166	3.6041871	4.8843014	3.0748579	3.9939697	1.9035632	4.1382696	2.2199873	2.068321	3.4656769	2.6597801	2.5136601	3.7571009	4.3362999	2.8900492	4.0150935	3.798497	3.2918768	1.9840715	2.4101611	3.4191696	4.05375	4.3401163	2.8405954	3.5388737	2.900968	2.8365538	3.1465922	4.4041792	3.2566763	3.6857786
SPAG4	4.5059481	7.036827	4.8399341	5.0612302	4.6279012	5.3482623	5.2392145	4.9617341	4.8096996	5.2973147	3.6674864	5.0841893	6.8044334	5.4360867	6.4940402	4.2316556	5.4421182	7.1018119	4.6584758	5.1084749	5.251143	5.5015216	5.8131075	6.7040522	7.3632042	5.9220508	5.9455454	5.123502	4.1992043	4.4452368	4.5969309	4.9870918	4.6597426	3.4355931	4.8687859	4.8390929	4.2258284	5.7020601	8.1635147	6.2138091	6.1958161	5.0877107	5.1446638	5.1786854	7.4778202	7.196807	6.9919643	7.2212286	7.7877578	5.4609832	5.0603767	5.1468775	5.2331621
SPAG6	5.1864662	5.9561128	4.8923056	3.4602066	4.1265185	4.4993378	4.4917878	4.3514412	4.2300638	5.1404595	3.8199656	4.1500044	4.0779516	6.838061	3.2973754	5.822003	4.9696602	6.1185483	5.5262356	3.5871485	5.0730338	3.613314	3.1692593	3.3239966	6.7485167	5.3849449	4.9110036	7.5418639	6.399224	4.9387341	4.0936677	6.3528599	4.3244934	4.4286667	4.2043176	4.3464706	5.9373762	5.5999985	5.0228642	5.5070407	6.0486562	5.9608024	4.1772728	3.4995589	3.526538	3.5607316	3.8853004	4.0412411	4.1492544	5.3223285	5.1527939	5.1861049	5.2592135
SPAG8	4.5031719	4.5379929	5.0827693	4.4746945	4.3512508	4.4861874	4.3844683	4.8114731	3.8888553	4.4728907	4.8894791	5.1536468	5.3852605	5.7060368	4.9640915	4.8950809	4.6541094	4.7175289	4.5099824	4.852545	4.6269969	4.4151629	3.8997341	4.8228586	4.243166	5.1935983	5.4586104	5.0485054	4.7130381	4.7610217	5.1188376	4.8559485	4.2933011	4.8543497	4.000639	5.289023	4.962836	4.9083941	5.078648	5.1125813	4.660433	4.2236489	4.1368691	4.5959408	4.5482598	4.4186142	3.7112894	4.6735046	4.3426887	3.964872	4.0011301	4.1798086	3.9703865
SPAG9	4.2080273	4.2677227	4.0220327	3.4899367	3.811795	3.8504885	3.6104438	3.7812086	3.8752594	4.1912257	3.2004923	3.5106461	3.4349749	4.0347788	4.3655661	3.3805832	4.8110889	3.9555955	3.258631	4.312208	4.4353069	4.2880733	3.6889998	4.0685545	3.6361566	4.1963194	3.7396134	3.8377972	3.6281404	4.3748028	3.7395137	3.3530907	4.0479856	4.3029891	4.258528	3.6986944	3.8901844	3.8596349	2.645385	3.9627182	3.8337493	3.7412274	4.2158198	3.8551989	4.5037726	3.240358	4.9865563	3.7247128	5.315083	5.385065	5.0614779	5.2127506	4.8956092
SPANXE	3.223159	3.1161872	3.5743593	3.3168918	3.9992412	3.2280644	4.0062813	2.5902894	3.6621397	3.4929227	3.343733	3.4792125	2.5540066	3.4915509	3.5288776	3.5368785	3.1449848	3.6278478	3.7399946	3.7013832	4.2155534	4.2517542	2.2057242	4.0279011	3.3701172	3.3988554	4.407435	3.566087	4.0076522	4.1699633	4.0426163	3.2147872	3.3443163	3.1662418	3.6913452	3.3414353	3.2848296	3.1798641	2.9074976	3.8724747	4.0576249	3.5872326	3.4439868	3.9876346	4.214551	3.0109298	2.5817132	3.23815	2.4976713	4.312887	3.6140037	3.5541924	4.2541696
SPINLW1	3.8311235	3.1570695	3.6397579	3.6549588	3.2384589	3.7419428	3.6664719	2.7957404	3.6933746	3.3561067	3.5209508	3.2497308	3.7649624	3.0249526	4.1762321	3.0594876	4.1261574	3.364885	4.180426	2.3957763	4.8081441	3.6030437	3.5997787	2.7171841	3.2225358	4.3300947	3.4535387	3.8350501	3.0849139	3.352102	3.3602267	3.6125518	3.8167544	3.0361866	3.7148978	3.1220978	3.1904874	3.836163	3.5058444	3.4986765	3.4139289	3.686093	3.8240314	3.195599	3.2291526	2.3261197	3.834573	3.4420449	4.6235604	3.3217204	3.6758389	2.9606095	4.3640034
SPO11	3.1628653	3.134816	3.1270548	3.2435139	3.4398881	3.3367758	3.4706	3.3088476	2.6964496	2.4962769	2.3621401	3.1410401	2.5214398	3.7958046	3.449791	3.2625185	2.5482702	2.6629413	2.7849465	2.3898398	2.5094888	3.4920185	4.063408	4.7745303	3.0133662	3.2596981	4.1127499	2.94034	4.0603633	3.8158688	3.3034376	2.510185	3.5164153	3.6375955	3.4469481	3.0775278	3.4022675	3.6464842	2.5480228	3.3337761	4.1111368	3.6099106	4.112701	3.7759938	4.7880426	4.0623065	2.0926061	5.0027594	3.9925306	3.4965534	3.0902201	3.7148813	3.5250768
SSX5	2.998823	2.7591716	3.6316828	3.6132853	3.106532	3.332593	2.8295143	3.716365	3.3785367	3.466417	3.5424437	3.3426525	2.95772	3.2001093	2.54748	3.6611778	2.7152997	2.9992785	3.8771869	3.2428696	2.5081447	3.8060478	3.2405359	3.2753219	3.0313247	3.6362929	3.4754538	3.4002389	3.0551928	2.9205295	3.5539272	3.3530907	3.0573626	3.1533862	3.653106	3.2452832	3.1907374	3.3565309	4.3732718	3.5732815	3.4248485	3.1228176	3.5538069	3.5525185	4.5785284	3.6669637	2.2545415	3.9615187	4.7693758	3.5611947	3.289698	3.1771448	1.6789649
SYCP1	4.9131678	5.1398512	5.1269531	4.9078952	4.9131671	5.4486768	4.6886763	5.19203	5.010817	4.4486877	4.727688	5.0303089	4.302589	5.310681	4.5278104	5.0567866	4.7542513	5.4230958	4.9395614	5.0281168	4.9167876	4.8083296	5.0773889	4.7940048	5.0725611	4.8583367	4.7287482	4.9261809	5.4865767	4.2184976	4.7113879	5.3648894	4.5778183	4.794045	4.7705049	4.7610732	5.6499228	4.7405305	3.3304877	4.7005481	4.9217644	5.113199	4.7788975	4.6911049	4.8200684	4.5473001	3.9278603	4.0154594	4.8507194	4.7289746	4.7357021	4.6029025	4.7383993
TAF7L	3.9851353	4.0059782	3.9248643	4.0828434	4.4445822	3.6553802	3.4130245	5.0714038	3.9110977	4.1715592	4.3804825	4.2229482	4.0289157	4.1782604	4.0430257	3.2117763	3.9427729	3.8983224	4.8957883	3.6911268	4.369289	4.4267717	3.4169585	4.4773285	2.9754292	4.650766	4.188108	3.3687904	4.6063848	4.9737208	3.3869119	3.8143038	4.2723662	4.2257701	3.5633808	4.6391105	4.2713668	3.4733922	4.8981527	4.3801397	3.8865069	4.1950949	4.2388845	3.7022676	3.4481287	4.2375612	4.4346807	5.5366519	4.9179825	4.528389	4.3214573	4.5620211	3.7692463
TCTE3	5.3260649	5.1330699	5.5372517	4.9019659	4.7432101	4.5395009	4.9097816	4.7814051	5.0090325	4.7090739	5.3647258	5.8153573	4.2694024	4.5945826	4.3474992	4.9058231	4.9070482	5.1394911	4.3547791	4.6772992	4.8813757	4.2156016	4.9670853	4.0597559	4.8287409	4.1387855	4.3042103	5.4412133	5.6955528	4.5114327	5.0302656	4.384947	5.524825	4.7752418	4.5770934	5.1798281	5.4106601	5.1082988	4.2555268	4.5909202	4.9070102	5.0458157	4.3690289	5.1143068	4.8183623	5.2286077	4.7936812	4.5302702	4.8912762	5.2572758	4.8695717	5.3220424	4.1576669
TDRD1	2.8367924	2.8087126	2.7825907	2.8581557	3.5149752	3.0515139	2.7797145	3.2557204	2.7266998	3.2986837	3.3477913	3.2519262	5.8269502	3.2188826	3.2318305	3.2175925	2.5517605	3.9495543	2.5285108	3.0863451	3.7549903	3.3770531	2.7053751	3.0586778	2.9939154	3.3101194	2.8458787	3.5033479	3.1374008	4.134371	3.1446781	2.911024	3.2549017	3.7833623	3.363559	3.06444	3.19353	3.0320586	4.2576258	4.0327486	2.7849318	2.9207756	3.7825066	3.2142693	3.6512305	3.5432303	3.4667042	2.0244948	4.2980113	3.1424994	3.3369804	4.0037001	3.9305924
TDRD12	2.9509153	4.0156918	3.686322	7.651097	3.4781981	3.1693186	3.0177712	4.2597575	3.7093912	3.3810503	3.468638	4.9267416	6.1436591	6.6191976	2.8199124	2.1752484	3.7043507	8.1483395	3.6354351	2.4577719	3.1619154	3.5000073	1.9857902	3.2473667	2.9535691	4.6784352	4.5087951	2.0238405	3.1032413	3.8446256	2.7604899	3.8025343	4.8815522	2.4426549	3.1608424	3.2773087	3.9127664	3.0597272	3.1113805	3.6618466	3.278157	1.8396525	3.2453213	3.5372691	4.2338824	3.7649302	3.6508633	2.4011241	2.9367302	3.5183741	3.1174378	2.5844326	4.0144853
TDRD6	3.4151151	3.5044923	3.5227714	3.1287181	2.7358864	3.1932202	3.5091307	3.335965	2.847758	3.4168572	3.0145196	3.2940526	2.7215382	3.2210938	3.7094263	3.6513309	3.4954576	2.5204726	2.3843375	3.3673215	2.3895258	3.3960832	2.3749173	3.1584579	3.1038244	4.7484377	3.8887262	2.3425126	3.1432931	4.4381511	2.7282604	3.2633782	3.1189192	2.6367613	3.3929684	3.1651825	3.4338491	3.0724466	4.4166848	3.2801437	3.9303606	2.2700039	3.3055439	3.906413	4.4201739	3.7628954	4.3917408	4.5504545	3.7963157	3.3724349	4.0572702	3.8982323	3.9172637
TEX15	2.9116774	3.4915033	2.8290112	3.0671751	3.902968	3.0074934	3.1320031	3.0104332	2.621094	4.3588482	3.6218027	3.4054259	4.2937011	2.9640899	4.2664641	2.6161558	2.5528073	3.1082126	2.7285782	4.5723916	3.4467974	3.8888275	3.2671045	2.9016022	2.9932886	3.5800324	3.3004381	3.5461986	3.1191143	2.7729204	2.970007	3.6739079	3.3413648	3.1141241	3.2494689	3.4552711	2.8965921	3.283453	4.0384963	3.9441499	2.4664679	3.4257356	3.3780417	3.6971019	3.4727868	3.3312691	3.3255612	1.5255084	4.1030752	3.6282103	4.8543843	3.8146013	3.8763788
TFDP3	4.6912616	5.0964587	4.1733102	4.9066389	5.1303953	4.5191865	4.270382	5.6141447	4.7558406	4.4515398	4.9024407	4.7267648	4.5041623	5.0062109	5.1737541	3.9424184	4.6525461	5.0412755	4.7713864	4.5688365	5.1305657	4.8520358	4.7151795	4.4915876	4.2173376	5.0180385	5.0979776	3.6440693	5.4394692	4.702814	3.9481806	4.5318442	4.9449864	4.4600126	4.7018534	4.8194179	4.8695502	4.6939109	4.931921	4.7634907	4.5972223	4.6039598	5.012817	4.7797342	4.7020648	4.5353651	4.1862591	5.1137331	4.9909029	4.789142	4.5627011	4.8239603	4.6494491
THEG	4.5892671	4.9400451	5.4612771	4.7541622	5.3737004	5.1235776	4.9678422	4.6233268	5.1712116	4.6774025	5.3762181	5.3342583	4.2893232	5.2201994	4.978275	5.118774	5.3870199	4.9229332	5.4648479	5.0348769	4.7294987	4.8047272	4.4211155	4.84849	5.1810415	4.9408525	5.2895253	5.0899857	5.0049352	4.7961989	5.3991525	4.8954918	4.9728712	4.9996568	5.4342044	5.1445117	5.3884732	5.4088324	4.8270992	5.5156154	5.5123727	5.5153601	4.8575304	4.8691663	5.0483668	5.8239415	4.7456362	4.9331911	4.9612872	5.4405251	4.6296647	4.6366929	4.4760761
TKTL1	3.7184323	3.7263183	3.713495	4.2524529	3.4752514	3.5410651	4.3875461	3.9140469	3.6475026	3.4216052	3.8079432	3.3018578	7.6258368	3.3902178	3.8249311	3.230895	3.5807175	4.0436146	4.6431299	3.7927073	3.3628451	3.4021875	3.582307	4.0116807	4.3757288	3.5321204	3.2391196	3.5781063	3.1214647	3.7898915	3.5701293	3.5204692	3.4873411	3.3973871	3.2009934	3.5501726	3.3185858	3.1211126	4.7474373	3.6775353	4.2581819	3.8140717	3.6350623	3.7804845	3.5615319	4.0066987	4.4543574	4.7531599	3.8342607	3.9811273	2.950348	4.2970899	3.7018127
TMEFF1	4.407858	3.7716363	3.9838863	3.7547923	3.5682815	4.2868407	3.7717106	3.7578539	4.2366291	3.5787869	4.1372622	3.9274451	4.3365191	3.9178899	4.235996	4.4592376	3.8169621	3.4554918	3.1498128	3.5935478	3.8928009	4.1934018	3.8421947	3.8741376	3.4416297	4.3260062	4.0250092	4.3509566	4.2650882	4.2632858	3.8597465	4.2791978	3.5170153	4.2844862	3.8337414	3.8153975	4.3187269	3.8409018	5.3409003	4.420466	3.939527	3.8984571	4.1818023	4.1538222	5.4563578	3.4722353	5.291736	3.8650936	5.5301176	4.3593303	4.3783822	4.3594244	4.5001417
TMEFF2	5.8568557	4.8255511	5.5470505	5.642133	5.5295984	5.0924835	4.3906841	3.7907763	5.5769835	4.1087863	6.6414452	7.3132054	10.4405385	4.5355892	6.1640589	4.5315712	5.4337083	4.7590396	6.8975277	6.1249778	7.2960626	6.0772185	6.353451	4.2672572	5.3327794	4.6054242	4.5211556	5.6051358	3.3835222	4.6783057	6.1418785	6.1131375	5.4599201	5.5707273	4.0526158	7.451101	4.7616476	5.3363955	5.4597894	5.03056	5.3641329	5.8631501	5.8913083	6.0856113	4.9495695	5.3926584	5.4269228	5.890021	5.3555804	4.1797	4.327862	4.4112968	4.1371021
TMEM108	8.6294852	8.9670953	7.594371	8.947345	8.8554794	9.0980325	8.707839	8.5149217	8.4518346	8.1751455	8.3771381	8.1788798	8.3450633	8.0022105	8.6342866	8.8739988	8.4078482	8.3725044	8.4724443	8.6543242	8.418377	9.5875161	8.4998374	7.9882341	8.0312976	8.202423	8.1322569	8.5520904	8.7066191	7.8143882	8.3129817	8.1504741	8.3121134	8.1487612	8.5140368	8.8261109	8.1550527	8.0905202	8.0651398	7.7890379	8.2473511	8.3218279	8.3386608	8.0495736	8.4322489	8.1315646	7.1492945	8.0335369	7.2687524	8.096223	8.2905044	8.1421886	7.6609027
TPTE	3.6497473	3.5536144	3.1150048	3.1626639	3.2667079	2.8892874	2.594173	3.73873	1.8670311	3.5485965	2.8134432	2.5784566	3.0381469	3.4491725	4.1242617	3.3373564	3.3361557	3.4159699	2.2692457	3.2759674	1.874004	3.2449184	3.9382255	3.5649394	3.2914674	3.9941235	3.92752	3.5161428	3.2967277	1.8588969	3.518016	3.1209004	2.9638501	3.2857777	3.1811618	3.5767982	3.3308662	3.4564724	4.8102156	3.2203421	3.9300785	3.112702	3.2346001	3.4219556	2.6289874	3.3033458	3.9836283	2.5820816	3.7339758	2.5936955	4.5364505	3.4587926	3.2988172
TTK	2.9325811	4.1508796	3.1796021	3.7557812	3.3567928	4.0431695	3.357311	3.0494839	3.418079	4.2793064	3.3940845	3.6247354	5.0198049	3.7796224	4.0388685	3.7254713	3.7020335	3.1759558	2.9478453	3.262698	4.3609826	3.2015515	2.9675434	3.7179517	3.5450125	3.5370909	3.6194439	2.1086765	3.820774	3.3190069	2.8333683	3.5692494	3.1737471	3.2576113	3.7700718	3.8657908	3.5455367	3.6439747	4.9895168	3.2278571	3.8582631	3.5811301	2.9515747	2.9350659	3.4386933	3.8597685	4.6009332	4.5043529	2.9266612	3.2438744	3.4266055	3.4059241	4.2879046
TTLL9	2.8909757	2.7795162	3.3013787	3.1719262	3.0399311	3.131221	4.6029647	3.7941469	2.1522733	3.23635	3.0764992	3.3050092	1.7084847	3.2404638	2.6393568	3.3009111	3.2198388	3.6079379	2.4107376	3.2416159	3.3663259	4.0502254	3.0202429	3.3914328	3.2735129	3.0503688	3.0126159	3.5390347	3.1002144	2.491475	3.7499385	2.4836373	3.4113238	3.1318285	2.8185892	2.8195536	2.9392105	3.7440207	4.7130831	3.5898614	3.0881866	3.5054706	3.0252306	3.0042889	2.5498238	3.7606375	3.9078421	1.9763412	4.1933122	3.2767348	3.8851279	3.7833753	3.4975133
TULP2	7.2046133	7.2790064	7.2836771	7.6431529	7.6508252	6.8385317	7.3940041	7.2114728	7.0613588	8.1434998	7.7927307	7.7452611	7.240853	7.9102722	7.0313999	7.7519875	7.8035998	7.0476466	7.3778659	7.7730909	6.8499541	6.9436717	7.1705434	7.0870957	7.3565294	7.7394229	7.1445185	6.894733	7.7872836	6.8244596	7.3563691	6.9482283	7.5234446	7.841321	7.0146079	7.1122873	7.5160934	7.9302829	6.3654373	7.2554057	7.1102278	6.6403604	6.8815639	7.0692485	6.7740147	6.7178618	5.9789426	6.4038646	5.8078293	7.020423	6.9788865	7.1126184	6.563799
VENTXP1	3.3787784	2.7320484	3.0586086	3.0985653	3.3133738	3.125573	3.4191472	3.2090543	3.2061911	3.6890976	3.3935314	3.5849311	3.2199109	3.2701479	2.5337877	3.6048804	3.9836696	4.0431287	3.4686266	3.5133549	4.1924105	1.8934733	3.6833903	4.3763937	3.67641	3.9164899	4.4584264	3.3036481	3.0889188	3.7326525	2.0919921	3.3000904	3.0160623	3.2519178	3.5640481	3.1984359	3.2520745	3.0869676	3.6287405	4.0667602	3.2758326	3.5701703	3.1346575	3.1724137	4.1012952	2.7684469	4.1256474	2.4686013	5.6567452	3.5791559	3.3043993	3.0202863	1.7659288
XAGE1D	3.3876022	5.2051932	3.3727816	3.1974535	3.5462373	3.3983422	3.6590613	3.5884616	3.4193537	3.3104504	3.3353728	3.312022	2.0302544	2.6416893	3.0604014	3.0401484	3.7613421	3.2342565	4.3413379	3.6784434	2.2996993	3.7987004	3.872379	3.465674	4.1105089	3.6295396	3.8185114	3.2986455	2.6751995	4.4782135	3.1301536	3.629571	3.6158467	3.4019811	3.6286006	3.6935051	3.263535	3.7774785	3.1155906	2.5278829	4.5030832	1.9757857	3.9382852	3.5209395	4.0358331	2.4990502	2.7436969	4.5842113	3.3397019	3.0270005	3.4950669	3.4491869	3.7556949
WT1	5.4435089	6.1291435	5.8675481	6.0453144	5.7104647	5.6281116	5.6092518	6.0636236	6.0930271	5.7140999	6.1018503	5.9696212	6.0325532	6.1032265	5.9395894	5.8703872	5.6246357	5.906669	5.8837453	6.0475376	5.4418383	5.7676208	5.5380221	5.9626254	5.8357101	5.6816274	5.7840799	5.0329006	6.3400662	5.4466229	6.0848358	5.7715523	6.2315204	5.6397971	5.6478149	5.7503083	5.9921305	5.5659939	5.9130562	5.6492849	5.5781221	5.5466656	5.8605503	5.470725	5.6749538	5.1365205	5.9203975	4.9935055	5.8606786	5.4947493	5.8481437	5.2025539	5.4101549
ZNF165	4.6455393	4.5328514	4.2932265	3.3853816	4.8421837	4.1171149	4.6787933	5.1379131	5.0834758	4.4560767	4.2532879	4.8543004	6.3451181	3.8320429	4.3976302	4.3087091	5.1419933	4.1989834	4.1121439	6.9172508	4.0892755	3.3351876	5.0799623	5.2039518	3.4896647	4.4217003	4.1694884	3.8637676	3.8808963	3.7406506	3.8884138	4.0261157	4.4165946	4.3142067	4.170666	3.7659054	3.8371072	5.096391	4.4731028	4.393858	4.6188596	4.2613016	4.264439	4.0975725	4.0429757	5.3936904	5.1381376	4.6878823	5.0738003	6.2062921	5.8447946	5.7357976	5.9852134
